"VV_mean_30","VH_mean_30","VV_sd_30","VH_sd_30","VV_mean_60","VH_mean_60","VV_sd_60","VH_sd_60","VV_mean_90","VH_mean_90","VV_sd_90","VH_sd_90","VV_mean_120","VH_mean_120","VV_sd_120","VH_sd_120","VV_mean_150","VH_mean_150","VV_sd_150","VH_sd_150","VV_mean_250","VH_mean_250","VV_sd_250","VH_sd_250","VV_mean_500","VH_mean_500","VV_sd_500","VH_sd_500"
-10.2631384316206,-15.0231234709458,2.61662331468283,1.98952536820784,-8.39972866300432,-14.8699628676949,2.58603044925239,1.60576497783109,-8.39568141552438,-14.6153471194841,2.54633485959604,1.86278210171079,-8.27544270760981,-14.7249141662289,2.42492859946383,1.95670607039755,-8.67889296389046,-14.8930858575296,2.53129580414462,2.14229403149191,-8.58783498237634,-14.897609001882,2.28204833041292,2.21186082894953,-8.55263303292862,-14.6219859569325,2.22793067338951,2.24570089839249
-8.1802297212109,-15.3613936435071,2.36774168808716,1.72445610955313,-9.22620799777329,-15.2184367263259,2.02405889519604,1.92638910685558,-9.15823228437061,-15.0459447897258,2.08351023255807,2.20693639870644,-8.71445390726124,-14.5724990670094,2.13405057833571,2.43231927720453,-8.4674974741828,-14.2472291745303,2.32174672929176,2.43690885425559,-8.56232831994361,-14.4720811813638,2.26360176981936,2.25552122211453,-8.53767587035852,-14.6066424255739,2.1691675577279,2.23731031453855
-8.67400535129353,-13.6943283553215,2.24549675803401,1.71153094648279,-9.21570621896391,-14.4374515198213,2.34291396906328,2.13990528146341,-8.68026558789541,-14.2029543573256,2.39700241245398,2.38892245554075,-8.3796705201852,-14.3424823682527,2.36029532586421,2.52952154092867,-8.38843775044155,-14.2821934787333,2.25828971494341,2.4321455387046,-8.57160307443126,-14.5519860360709,2.21203696946219,2.41740879024463,-8.49093557894184,-14.6704234565446,2.12070228192585,2.23556434225152
-9.23910742223664,-14.5089333569084,2.26858556650981,1.80993182886055,-8.20636778076063,-13.8627489251971,2.20072729017821,1.56019458566013,-7.78259781887876,-13.8207156059166,2.03287513576346,1.70889835240361,-7.95761251474339,-14.3376230379161,2.21954951816169,2.0762645836454,-8.01415070460786,-14.4581058478922,2.30120455348836,2.14712992840606,-8.38570917669494,-14.7035167484449,2.33232452928815,2.24589752609504,-8.47197304573753,-14.6900974452023,2.19170769226983,2.2103293672341
-9.16507613981664,-14.8563837777454,2.08952899226668,0.910121308795182,-8.08269235524702,-14.6464492677864,2.25462305220273,2.12777332846039,-7.64970216128477,-14.5119410331676,2.2945928192912,2.29453729837301,-7.81117974620801,-14.5501637384047,2.26132121113225,2.44001153881384,-8.06335580443152,-14.540187448869,2.20650348555264,2.44940663845342,-8.05409697526063,-14.1767534521039,2.27087447309071,2.4365801859987,-8.30721787002243,-14.4726859695738,2.30981613945411,2.44361935232437
-9.00102895932068,-16.1784318339265,1.79730549688378,1.43280563837319,-8.73807749601326,-16.1421551954012,1.58144076626687,1.3752339098278,-8.57891637101571,-15.2834677079316,1.85983452636894,2.49065819178722,-8.20093928242594,-14.6051554558797,1.88132289068289,2.42083884739498,-8.30347205073862,-14.5909219909482,1.92185978699437,2.23654661218121,-8.197743457639,-14.3872989790796,2.26203835993721,2.37067183574344,-8.33537544781865,-14.5329274744935,2.42469963067627,2.5561646906635
-7.81576533611804,-13.9093714434548,1.69295931506012,2.55168690272874,-8.5284765239911,-14.3816189387218,2.39644651601991,2.33906431292153,-9.33977117523868,-15.0199067826798,2.67513476107694,2.61450149102129,-9.53394009492179,-15.3314306319042,2.83757135472776,3.11510012756871,-9.66282522053953,-15.552814873294,3.33261620981266,3.61949312376285,-9.71115383321044,-15.6611957302903,3.7193205858026,3.91353944130805,-9.32936009149206,-15.473768692178,3.18749246114652,3.328857381587
-7.81414768497259,-15.3390616942656,1.89243136009801,2.92395349466382,-8.60713977670094,-14.9134926116424,3.01757749930268,2.43483424410267,-8.52425551059562,-15.0937383352159,2.60277486229444,2.26339835270732,-8.22764537464389,-14.7180245645746,2.48413596237706,2.17786516320087,-8.33217524329559,-14.8796425221549,2.44812325808666,2.23294414848349,-8.54918615039336,-14.9138311224537,2.45697592075388,2.36907910468164,-9.23431924826648,-15.4097526552271,2.96884600640185,2.86341767221126
-8.52760999022366,-14.8182548289853,1.84601226918022,1.7676664856606,-8.18055404814423,-14.9738699361819,2.48797915817204,2.55482916601023,-8.0786100786022,-15.0510523016094,2.41213416819972,2.42911569804797,-8.30124104470036,-15.2411784770529,2.48968893100586,2.59798238115479,-8.45118759517094,-15.0116921957179,2.6632814654532,2.56988162746558,-8.78835143402038,-15.099774079771,2.61679300577156,2.49281805467979,-9.08374207652849,-15.2214225043108,3.06514623917611,2.98495277714713
-9.11407524307139,-14.3124470831382,1.55977327455767,1.77074150202071,-9.53471310666158,-15.5581155611847,2.20981010135525,1.94619764778112,-9.76002064795842,-15.972347547081,2.16792582643702,2.01046255448628,-9.25121869088174,-15.5448368148165,2.21077387255215,2.05322863494218,-8.8131761531934,-15.1792138806571,2.1766329379367,2.18203701051285,-8.76906639496104,-15.1294909688172,2.16728242270656,2.11202438409279,-8.30832277665181,-14.6917191851167,2.50420611264688,2.38981825008114
-7.44637122990456,-13.889726075223,1.86342690136353,2.11308002768113,-7.57073810168784,-14.6743594368366,2.01981094916627,2.27398228012018,-7.96639281513368,-14.8360949514519,2.15273902753281,2.10789081405344,-8.32595415045063,-15.1390769716628,2.32035773256212,2.15245453474289,-8.4165163103654,-15.1908289812497,2.32975163608967,2.08635929471271,-8.66715598211958,-15.0749022948424,2.27827917308007,2.23305198958632,-8.67767930019818,-14.9010896291625,2.76568889770214,2.65354675103607
-10.5457435989987,-16.2248723685544,2.46103090878281,2.01986927514101,-12.1422212630221,-17.620897230184,2.93203007100801,3.46301573865045,-11.4855388363117,-17.0917692874116,3.13666147855725,3.45634003813713,-10.7519977253981,-16.7989017728694,3.35803837407663,3.48294151001641,-10.3663961935916,-16.3772180346683,3.17964504540266,3.16018033974986,-9.58514401958774,-16.0219414676062,2.97451763171842,2.93335432651964,-9.3402937537342,-15.8381475316592,3.03704509877372,2.94473306026585
-11.7090338134117,-16.9513467118908,2.7698758490262,3.32296845979207,-11.1048158223019,-16.3590635977391,2.84076698259061,2.7940650289144,-10.8089631118574,-16.595063378509,2.85533266713932,3.16617609343902,-10.303196011094,-16.3364760686404,2.99627755899473,2.97013475477003,-10.1734546362945,-16.4400977391951,3.0592996994034,3.07411785858473,-9.74597330449246,-16.1568217818403,2.86572679634547,2.84470200612753,-9.32451482798517,-15.8353548435936,3.00395933915073,2.90258149289986
-8.29892236725764,-14.6410392779483,1.60198840072199,1.53779727443737,-8.12494688587716,-13.9905635447486,1.68299862040385,2.37215951910537,-8.11817452915652,-14.1482361032823,1.81850759944971,2.38388007187565,-8.56587079101462,-14.7289927044714,2.05194524655277,2.48400515127567,-8.68412124779537,-14.9374637066411,2.27156549395878,2.44464415057181,-8.68024417514199,-14.9387313837578,2.3978621700364,2.4691115966476,-8.19178015308197,-14.7278242237267,2.58953745601879,2.54020392531397
-7.63045074705809,-14.3215373473606,1.43629104950518,2.11384481652832,-8.70258267914433,-15.7668097659746,2.50091140658771,2.40305106057657,-8.69737895377934,-15.2027801753356,2.48052084607445,2.45866596354007,-8.76171419070787,-14.6725111637907,2.48029163715139,2.42673677253789,-8.78743443459637,-14.6904642065839,2.60806074527483,2.63360382449576,-8.68482667103982,-14.7196659427868,2.58958061930353,2.63932534796369,-8.12033729858304,-14.3510063734236,2.6548826923879,2.65470740673574
-6.23389574226918,-13.6681322094599,1.33491890759747,1.61021235074031,-7.46714894795654,-14.5652115741005,1.86099479031919,2.07210783791353,-8.11258579509423,-15.0381454652961,2.53002467041171,2.54448150612984,-8.34452027447525,-14.9776597215912,2.44273089263792,2.35211151259885,-8.3109784920386,-14.7726577373087,2.27601910993642,2.29999834581429,-8.4918710331319,-14.7566976251948,2.37199853784407,2.41031971717353,-7.78539317448618,-14.0950295272339,2.83536236513926,2.79539512972679
-7.5842307870961,-14.3573163754315,1.48278066332631,1.05822577478738,-8.12618887473835,-15.0824447294664,2.25260415550719,2.32324615917803,-7.9660712617607,-15.168651448423,2.06864497878046,2.35014449298902,-8.46198884194787,-15.27023914559,2.27134225004085,2.26577949410917,-8.76419207133761,-15.2767556061774,2.34423770462575,2.21937451817969,-8.58781028378629,-15.1802219114245,2.33260447598577,2.27707690915687,-8.61881682159094,-14.9938844909801,2.60123355987551,2.57318624406373
-7.68852722326847,-15.8350190183769,1.41812214925578,2.21325973306911,-7.98971256684358,-14.8934916977234,1.39641299443109,2.1822170322307,-7.72947715352921,-14.1908598936583,2.14231282509748,2.54892057953883,-7.63723018738869,-13.9992878008793,2.33137136729879,2.43339244660863,-8.0243547398515,-14.2213960473351,2.39920103430323,2.32640501545999,-8.47543346080563,-14.9659911505716,2.58657727641027,2.67641776940242,-8.82642553991713,-15.2013945588934,2.65356067861826,2.66239578241719
-5.79311562590124,-10.6613908396263,1.56124236160585,2.48881196937625,-6.57880805408823,-12.9906947305124,1.82895080856265,2.40940478110509,-7.58455623281011,-14.1240316763157,2.34585271513708,2.61461649014325,-8.17898285520686,-14.6087547058688,2.39030760749451,2.47896629906103,-8.21086454188699,-14.84844093262,2.57916028427847,2.43092638516734,-8.33495671024171,-15.0741528437176,2.69482744665473,2.73500758566712,-8.72674860086833,-15.1536629237671,2.71899172659214,2.7361876420381
-8.48762304375243,-15.1188297769781,1.69597112457601,2.05653576412543,-9.43809112639523,-16.5174085492791,2.41466093459517,2.47367589208718,-9.05141333961646,-16.0928982638637,2.58513542719511,2.60790324064305,-8.28678002837336,-15.1613780920055,2.53461240010636,2.65717552764586,-7.87068140751994,-14.795831672988,2.60958399431045,2.44641987505715,-8.17297509525493,-14.893008553191,2.60295065027428,2.46989947799387,-8.26724019061232,-14.77961723659,2.57216177651996,2.56749101911351
-7.76761953388116,-15.021036552755,1.72651876647063,1.3826559680513,-7.59172712674912,-14.5088297551124,1.77030666954489,1.78215352419172,-7.61820142731743,-14.3492103263991,2.04155584267004,1.98188519661054,-7.58671944295812,-14.3710600273442,2.25431891546546,2.05330521400508,-7.80760222627509,-14.5962777427476,2.38210625376471,2.11813749584423,-8.34060924579812,-15.1428309849547,2.55251757070439,2.48469230402917,-8.17937283429609,-14.6685985192402,2.53720590699756,2.51406005077757
-7.5443741484124,-14.1088811157182,1.95591207924148,2.45384163578336,-8.49883665000701,-14.5926712156459,2.24077931327305,2.55425960674037,-8.55079607933247,-14.5124178482606,2.48133587963796,2.48933057622101,-8.36599753683557,-14.8394063781833,2.45644040995986,2.46715650812089,-8.41347389370225,-14.9002891893714,2.56620577277639,2.4884397040921,-8.24829807870706,-14.657926487435,2.59542803211675,2.57151516418823,-8.25977040555396,-14.6995648212028,2.49135940041155,2.51079716762984
-7.19125013292231,-14.9728291384584,1.16067420821369,1.82803809993851,-7.36723840257128,-13.998630390394,1.93182924419801,2.03277631646925,-7.71926112289351,-14.3284907569837,2.31947551387989,2.13393362534307,-7.85192616184159,-14.6455477069382,2.3627533432547,2.39885404378708,-8.13678122126514,-14.5992270810321,2.51151315554569,2.55090648520311,-7.95052658091644,-14.5335889068967,2.67690245592121,2.67227491548325,-8.2330603656269,-14.7401585895127,2.61082205849078,2.53705475290335
-14.2816313028234,-20.8047820834723,2.73375369572145,2.94153073685031,-11.2025865043413,-17.9930104935547,3.66971950917307,4.02363245644352,-9.24984172011286,-16.3753848480744,3.52446823974079,3.97992820220656,-8.33689165075029,-15.3782819531982,3.24575124909835,3.75496963737578,-8.1665551202217,-14.98917497341,3.02819519843145,3.49062207208887,-8.09086536317194,-14.7474375624138,2.89860342569989,3.07126811518879,-7.8277246289061,-14.4539227870158,2.94701741048313,2.96395468734435
-8.43029877893474,-15.8752625670426,1.85336602168662,1.80665109410618,-8.09932813271433,-15.3952650792421,2.36840416384008,2.60127137735908,-8.77179969634469,-15.1850563944083,2.52285680180271,2.75878024238768,-8.72291294815201,-15.1026463265526,2.54794873229071,2.61020304182248,-8.6914007655159,-14.9739158672429,2.54652412349546,2.61945796665039,-8.69623672203113,-14.8808071453065,2.35609166550762,2.48346479667103,-8.62049617724629,-14.9628096460596,2.6292139007759,2.7312906109277
-8.21492105445054,-15.643202587565,1.76158974205369,2.00221276771294,-8.54993110734227,-15.4855379912787,2.00979828874488,2.30751513169721,-7.91327714554101,-14.9301208413383,2.09930092253332,2.17031325159706,-8.09230711447651,-14.71261353375,2.2021489732666,2.19592162225734,-8.28244119917061,-14.7965849075342,2.34242001485559,2.36322929287793,-8.35307807926079,-14.6204045359198,2.30694793839254,2.35216141156392,-8.45290230933499,-14.7520874567662,2.23897423654411,2.26707886881179
-8.60001633329152,-16.6254103430006,2.03190520554627,1.57870315513762,-8.63516824738884,-16.1451001766973,2.22390816761596,2.2422612438784,-8.19038572104221,-15.0244537554873,2.30131894909457,2.4769190929782,-7.99061118943463,-14.603279519105,2.24695388440688,2.35743440149061,-8.00225931131708,-14.51618732256,2.17029640883136,2.25281570536934,-8.26181267710611,-14.3855298600899,2.18945668694255,2.24478061403053,-8.4769735317538,-14.7140883415806,2.28476700584369,2.28255917279978
-8.02370441645597,-14.1734208054148,2.05015537370853,1.40516271800859,-8.74237377053199,-15.1696406201833,1.93303297451104,2.38599583742426,-8.44506516741652,-14.8506723144428,2.2213032493929,2.21104068642798,-8.21282497057012,-14.6035697953948,2.32564308136085,2.27881927221474,-8.31159499587821,-14.5842932120622,2.26986014334669,2.24058504784744,-8.40583038746214,-14.4747127914714,2.17850283883402,2.32355018025233,-8.27615951052308,-14.635659324173,2.21883882379865,2.3181785003698
-9.07269515021942,-15.9954550896248,1.14899674938096,1.64385222114647,-7.96577351153127,-15.0503455808932,1.91303882878224,2.14250919908792,-8.32757152781127,-14.5831406731719,2.08065537119378,2.41858593428034,-8.22743367165614,-14.4062359259959,2.23659020098208,2.4335733486214,-8.30370528775228,-14.4446627803974,2.21588809788168,2.47949913773472,-8.24684448773947,-14.5993861223617,2.08753478558646,2.2402922087472,-8.44624241549928,-14.8780176357416,2.29655180054997,2.47643693001033
-9.50112487132181,-16.5724704857047,3.00364704214809,1.60041917875574,-9.62250804266157,-16.5022960270117,2.54972958471493,2.26108585175899,-9.3323726579902,-16.0544440869776,2.45223170482453,2.43956796293168,-9.41167082568358,-15.8291312716439,2.59716496127424,2.52469582760521,-9.09867412468484,-15.4427448256887,2.67848200988365,2.44330250916685,-8.57314069886982,-14.7853249717575,2.7404278748084,2.5933752721137,-8.48592145793887,-14.9050731299125,2.67192101243043,2.62001875974518
-6.54958512204682,-14.5641760317843,1.78984104934272,2.33638472143091,-7.61562917814019,-14.8390379372596,2.27668099739931,2.29547518274241,-8.46672412295592,-15.2504973516573,2.88044945358659,2.83117826231734,-8.83620282918849,-15.589129484684,2.84046219741016,2.67273938026347,-8.9152617067712,-15.4666460680464,2.67979377247431,2.50260951219418,-8.92753686836294,-14.9401023518909,2.36034407486992,2.41106211047654,-8.79475777062195,-14.9066645742818,2.34990834438786,2.40997464486556
-7.61153401314352,-14.5572753309356,1.77095155929132,2.66522503554105,-8.19787239854812,-14.5348138480526,2.02419686641726,2.25469282668687,-9.16309357167781,-14.9516150146494,2.23190270831521,2.3824267121693,-9.69537417268141,-15.3272913093485,2.30996408489489,2.43644641916173,-9.44416276789746,-15.3826383288679,2.48265079915522,2.53718427279185,-8.85427704652659,-15.0039669377298,2.56256901064856,2.54017596969298,-8.57785600180038,-14.8389712452046,2.41263610394974,2.41821517818798
-8.19672513670461,-15.505128168033,1.90786505991456,2.56723635687607,-8.49722960489785,-15.9300786097137,2.80367987670331,2.74334586684323,-8.22327959010643,-14.8179152883344,2.49237197115593,2.75290081075228,-8.81175864264583,-14.98444151409,2.60580798137432,2.63886254982863,-8.94619120573014,-15.2120756081344,2.71469356207927,2.61976171084705,-8.65780439247231,-14.8989591144818,2.52731386126361,2.4346875855875,-8.5929962769336,-14.8571832080408,2.40735746299428,2.39017989944388
-8.22597216674352,-15.0277894938463,2.15172861813256,2.15699390392225,-8.67624298954166,-14.9231645958115,2.82406644574236,2.49806033993995,-9.15984018207227,-15.1799753526146,2.65573955909674,2.70054202076326,-9.30975419199515,-15.2616241618883,2.52335587768983,2.64380610060464,-9.26005952815573,-15.3653745996572,2.60246814149339,2.57495173959036,-8.51858677258907,-14.8318228747832,2.61438294540261,2.31828464079796,-8.63804634561506,-14.9189298538552,2.75827318826814,2.60687038983334
-8.06123772982122,-12.6813691477134,1.41306086724791,2.42314186675689,-8.66739857423555,-14.3809465388781,1.89740939713203,2.5157437224364,-8.94658720666807,-14.0925367517968,2.16062455176872,2.22977710552188,-8.63505873712882,-14.1349709646586,2.28988250368707,2.21581084078646,-8.68306442020844,-14.3691733096161,2.36607426386497,2.32960126492869,-8.79242831704926,-14.843191969138,2.5030532091653,2.4403675405895,-8.78313535252461,-15.0070945619718,2.6911761700865,2.59511910787161
-9.72917284710268,-15.5078802219668,1.47381560655654,2.32875543732997,-8.44593352637985,-14.9829553532125,1.91410135680828,2.44162691932809,-8.39704721006512,-14.636151585962,2.02447201376208,2.25940156646902,-8.44254775459021,-14.5448978459815,2.19726500760038,2.1013947789657,-8.71295522205478,-14.5468957047691,2.33739002145846,2.13883783751028,-8.49412978563114,-14.8201515104733,2.45622150503793,2.30406069510703,-8.26973142452629,-14.5007837887906,2.42695508916389,2.4250969488593
-7.05178495552848,-13.858947831606,1.28909756001425,2.093185060184,-7.27746318316527,-14.2964943280923,2.05580572219026,2.35403882007701,-7.57566363225853,-14.522746351281,2.52780812278689,2.71534987689284,-7.56391752125861,-14.4892767215092,2.78209456468802,2.98186571128601,-7.89301581383113,-14.5954133781544,2.56197645807045,2.83510724159268,-7.80866479876616,-14.135808519946,2.548044814691,2.53470818799072,-8.49901039333719,-14.7941209251314,2.61556500818961,2.58349131943525
-9.15135380762443,-14.1414931094574,2.36272616378846,1.45717725008749,-8.35839732204427,-14.207675863131,2.568144927217,2.10420782094655,-8.32610598118558,-14.399462910449,2.72287780713265,2.38938690334559,-8.31254181675218,-14.3812536422106,2.69725916529443,2.39099631211793,-8.41853248011287,-14.5257895067955,2.69470256607223,2.39573394253948,-7.91908295140815,-14.160206494141,2.628363346873,2.55621311477166,-8.41167668361561,-14.7063327181968,2.54259525555103,2.55900198365685
-6.43522142492596,-12.5450418875122,1.41200722961822,2.2241070208718,-7.80888152244967,-14.1496757522749,1.93045793945419,2.27765670938405,-8.28835131464622,-14.6041545449982,2.5108518468467,2.52976573059023,-8.48547036021721,-14.6023239270545,2.81648442572512,2.67518965338536,-8.53864021463208,-14.5333316092246,2.64016710643823,2.60375427554884,-8.22376071247649,-14.3124099460234,2.43643308918768,2.46126189492944,-8.70852350693716,-14.8116068120442,2.35089308277139,2.45655145639264
-9.06607926996165,-13.4371690355021,1.45050328505995,1.32276589748402,-8.12500950312393,-14.6953543715038,2.18016502061288,1.83998905620909,-7.85061982858836,-14.6883275330684,2.31458727366224,2.19277632366488,-8.14738829496791,-14.4744107524868,2.26821672636588,2.3554064223266,-8.28748724871407,-14.4983890731248,2.16232395420927,2.28647424700466,-8.58632210504743,-14.6278230217863,2.27792511316638,2.3185288566695,-8.46205749534584,-14.6837157184097,2.32203215243014,2.41653986031647
-8.23454347310139,-12.7427881975467,2.22808978827729,2.21799634064632,-8.70326323439166,-14.1634212875896,2.18717368643216,2.66757187318703,-8.66098627871582,-14.2270602673494,2.00121768592939,2.3272640784875,-8.22605632730388,-14.2068288706179,2.16383776580107,2.29738431913437,-8.08582543036992,-14.1435689455533,2.18976568005419,2.27350905244845,-8.47590013488881,-14.6608083305202,2.16053113974925,2.25858523014958,-8.44845090130652,-14.6685535105987,2.41714135945367,2.48116035064986
-9.15511350193003,-16.0151783214155,2.80817306829705,1.89517617220781,-8.82552380950755,-16.6619728919262,2.72996248558291,2.33326377529003,-8.72873552549935,-15.7861806653118,2.68518601273157,2.74173815208665,-9.13137933370913,-15.9009645867267,2.74008599599613,2.83515703864526,-9.06859475509022,-15.5863316870325,2.55952864783768,2.72770768792062,-8.69941959999376,-14.8115856082771,2.45009969380826,2.61496112125606,-8.53565899740742,-14.7849792838391,2.37851404626332,2.43545948412705
-6.29405804804501,-14.921063173445,1.98549462156333,1.98285918453814,-7.5669472935247,-14.1696754909015,2.2377132825183,2.34297680012449,-7.28826402805096,-14.009932834922,2.70361264856964,2.27039114798677,-7.60730118989801,-14.0975087353486,2.6716850560373,2.33450943640523,-7.66369493756893,-14.1799573443039,2.48343455268373,2.34744020305716,-8.3631280818052,-14.590053540084,2.72983685504338,2.66182515212031,-8.48113064249154,-14.6967186392104,2.56356616487005,2.55838444007175
-4.60767585708115,-11.4565751010917,1.17380372706627,1.23952561436916,-6.45846307867056,-12.6617929166554,2.96398907542919,2.47918546508601,-7.26450444652063,-13.1998404074701,2.88411851937903,2.52780803308781,-7.54650596906053,-13.8811305537899,2.6194776459924,2.46565246966661,-7.90939936500829,-14.1284321415287,2.69770624785921,2.58620447126598,-8.10147686831451,-14.3440658562547,2.8875757623594,2.91517663038239,-8.5860657601935,-14.8237306562681,2.80658240311601,2.82261350541496
-6.28434806666519,-11.6946279769999,3.23852433149137,2.31166322031092,-7.1613587636568,-13.7920041415661,3.17820224651235,2.77994835278064,-7.63332643693799,-14.017057936249,3.08078052110376,3.05512001995971,-7.44578673239695,-13.8487810524619,2.93045130858216,3.22895013213312,-7.72351378247504,-14.2400097147515,2.75843146391123,2.99801352641784,-8.42877632911581,-14.5761337731146,2.49064971531918,2.64859809025929,-8.72427464298923,-14.9292524865835,2.34466692267495,2.56336962553578
-9.460529492125,-14.4498555080285,1.76545371216498,1.29750831948333,-9.26161245204371,-14.2869103867086,2.08216829306669,1.62169782814209,-9.54926195292001,-14.7884872803903,2.51622333537619,2.12733811765689,-9.28808696886884,-14.7095793611092,2.27305672167893,2.1071079107655,-9.33215125793294,-14.7834127495663,2.25713573814277,2.35043387693429,-8.68974670442623,-14.56547077445,2.25632866864212,2.38921667799494,-8.54879893541524,-14.8469464864545,2.35761966063196,2.42322490293446
-8.00823694131838,-13.1599859166132,1.64589871799559,1.95004386943087,-7.58471768147707,-14.1811758508228,1.75584689417184,1.88707898957224,-7.77057899665594,-13.7761990726052,1.98335307588832,2.19166441417699,-8.15068108677131,-14.0677156810368,2.18453063798767,2.28111726812523,-8.36594432784837,-13.9139765496312,2.26937380741691,2.28882841154522,-8.50644337993707,-14.6831897863809,2.28498665248267,2.46569536310696,-8.55415656290651,-14.7691092769529,2.24676159375053,2.49214082572357
-8.45162049949787,-14.3165760766325,2.52963476009453,2.11465979483695,-7.66037006917202,-14.4707866392182,2.72688941453895,1.92615678044995,-7.90594673043456,-14.8061269227877,2.67403674334203,2.47923909854015,-7.88939582037824,-14.2947252311255,2.56408774608837,2.56688942531399,-8.10712539648467,-14.3305413450117,2.4502679269894,2.46373935656598,-8.3767446659362,-14.4644904264357,2.19189778380217,2.33701273383738,-8.56875408862336,-14.8139215987128,2.22593274281596,2.42824413700696
-7.51557391397895,-15.1891887454753,1.90645152191651,1.2802584263589,-8.61595400888749,-14.4050878021393,2.25333531051007,2.07232615589759,-8.53879273752244,-14.8954875423322,2.21686263574269,2.05467320994234,-8.23669241288372,-14.7640041546965,2.22887221067261,2.15400474567128,-8.12794338120334,-14.6209087633362,2.17031828194661,2.24749231189622,-8.50070735373073,-14.8675382738002,2.29475798389927,2.42912312018483,-8.61970318250958,-14.7818953028356,2.21022578275553,2.40854838632904
-9.8858158564158,-15.9858552043409,1.50887638485876,1.4313445596979,-8.57618558456461,-14.2317212958938,2.0803576913308,2.91315956715976,-8.33197201192434,-14.1594891449967,2.21850074175344,2.81073883616291,-8.43935961225404,-14.2326833868585,2.34464953977337,2.74353720959338,-8.36569577135757,-14.1434365335612,2.33897810239979,2.58215790665409,-8.64870702638364,-14.760021954468,2.32993581105413,2.4447554532151,-8.61690208516102,-14.8442931791813,2.23793773241813,2.37961561128221
-8.07544207641381,-14.7491986821964,1.69639652351592,2.45779980339795,-7.43578478682501,-14.0018949069891,2.15000828241956,2.74933686159345,-8.50617091484048,-14.5797216401866,2.47763160370043,2.58724503309059,-8.51760627982998,-14.411671752046,2.25598710683816,2.64853778823002,-8.7002890732073,-14.5777229140884,2.23483873978588,2.4345119741628,-8.53445933447921,-14.5447873977419,2.22695019756403,2.47093148907917,-8.5780780165925,-14.8507599521698,2.25259986662097,2.32888725707707
-7.60084015293764,-14.4702284083213,2.40694475380867,3.40464916544881,-8.25955865322745,-14.2537569587038,2.33950776187391,2.6102975045159,-8.57627288878506,-14.597999679327,2.41357621958255,2.41817384795465,-8.52646668714757,-14.5745267631266,2.29439141308132,2.38118167829775,-8.46430886521894,-14.6347496556313,2.30403768888041,2.30203600223684,-8.44166796123997,-14.7811295206783,2.43108670697313,2.49116165767686,-8.44273593439535,-14.8010881912528,2.35838525585009,2.33390206176805
-7.7996752392867,-15.0504062562337,1.84641329658189,2.1073198870197,-7.33172518095777,-14.9930355254806,3.20213644571833,3.17637238472935,-7.57576343102534,-15.2580486670474,2.83477006609136,2.86852389081895,-7.9148237286605,-15.2254937686786,2.58173033220922,2.48295325873644,-7.99304906720848,-15.1680248064837,2.49944553639943,2.38930579507065,-8.17053228482388,-14.7641957494067,2.40559675449897,2.39173225157984,-8.48725496808044,-14.7630402409213,2.28823411131559,2.30211634543031
-7.2219302905156,-16.053176391772,1.56404226586675,1.50304535594674,-7.70066292118259,-15.6268376558679,1.88995482378003,1.56851815952473,-7.53219325972947,-15.0102468024735,1.86799843548914,2.35977153978315,-7.82782744283405,-15.0063159257456,2.05024514790564,2.38897104909364,-7.91272531380235,-14.9071062980512,2.04047134923591,2.2237800223683,-8.30475678733133,-14.8984693595418,2.13079378722253,2.20281608222889,-8.43078349101162,-14.9134825334442,2.22282709094983,2.32588921717277
-7.19624573705981,-15.1202541875686,2.07385519602803,1.48817812034824,-7.52020271265956,-15.3869532981576,1.64775793717104,1.58476762748818,-7.87025469104158,-15.3605531583253,1.96015447328621,2.01559860152172,-7.91264141123419,-15.128002228721,1.97992685588012,2.08082232332961,-7.98154850304114,-15.0638231417816,1.94507120003144,2.17214103234482,-8.07328001403347,-14.6886365547392,2.24388996678363,2.2536250870191,-8.47833523592672,-14.949990007327,2.27206593705045,2.36610055916962
-7.37117183958648,-13.5287467209742,1.62082716189582,0.953368115173698,-8.47393955473761,-14.9342301437682,2.3674678258657,2.61983787589321,-8.41564970083952,-15.1227736313306,2.28395842165621,2.54396012281766,-8.28576566610032,-14.8950743491119,2.2723759472887,2.42517236083382,-8.05782224470299,-14.673586515257,2.31720451532358,2.29523139617992,-7.90410852424534,-14.5289472933429,2.3126578205568,2.36200667813471,-8.61146356505845,-15.1208840773727,2.34306306169408,2.43179244329769
-8.61146180364454,-14.7902574336446,1.40083635853656,1.57585673599133,-8.29678377647044,-14.0335601573448,1.55157831842258,1.64771332898023,-8.19131040110761,-14.2496675321712,1.92129905810534,1.76635948282444,-7.54803783922125,-14.4905497801294,2.03700629150524,2.05179251865619,-7.69245637107783,-14.5701824263584,2.257058408539,2.23241753373794,-7.7271778265713,-14.4288683481805,2.22235967757273,2.23631554660596,-8.55701582115402,-15.0818642669094,2.34712830621922,2.41402090876938
-8.3492005319477,-15.515179676803,1.47981395560985,1.93965810829617,-8.59477545514387,-15.6972897128891,1.85100695774746,2.03701828662428,-8.99766567999305,-15.4775343633371,2.15635608891941,2.01791057841024,-8.85913915083318,-15.089017382545,2.37644190304055,2.35345206386404,-9.12000446777115,-15.1805138399332,2.39913380039743,2.55713680635312,-9.14635639636457,-15.2695470168461,2.29866832055582,2.42053125307118,-9.03953904271281,-15.2038131997841,2.25601126658443,2.37742271230992
-8.87221423114859,-15.9325000683796,2.23306795575343,1.46838295797018,-8.64012316152845,-14.5898154312143,2.59317791365263,1.78332391727193,-8.48480950461458,-14.6602004077311,2.59887249428365,2.01219426034606,-8.77338059096217,-14.9216449818026,2.46511172805979,2.19919786816076,-8.82102005353242,-15.2602710767698,2.33723931951606,2.28514228694323,-8.94209850024512,-15.4471641783689,2.15797616079736,2.19214870340205,-8.89484707429938,-15.2335717467792,2.37815589191807,2.41075794719184
-8.14690984013988,-14.9751947102917,2.72440624150624,1.90432611180475,-7.92742200862449,-14.8174990181009,2.57203682441938,2.835536228554,-8.22639764279494,-14.726411950857,2.47816459509499,2.71179215990053,-8.3333878459066,-14.7313134959519,2.41178714706658,2.55126316968846,-8.38938476786031,-14.7018266246221,2.3324702605645,2.36413378953859,-8.44173499464403,-14.7413559212194,2.34736837559981,2.37923708557376,-8.78795154469487,-15.2023249868375,2.29808419973023,2.36310343948198
-8.19769373472406,-13.6025198649546,1.6505267461295,1.91222705992819,-8.4608780379197,-15.1374999950365,1.77261056780399,2.22974537147727,-8.11886251179814,-15.5657292765795,1.93765459791764,2.03779142989403,-8.15460914618924,-15.2402993349983,2.10279645335922,2.05880975983887,-8.29986039221749,-14.8153448277483,2.25583313795404,2.15628325523121,-8.44064772335967,-14.9566974627941,2.39708080055033,2.29892725455004,-8.78064821819537,-15.1264849644213,2.34272074681949,2.3606169773714
-10.15116065463,-16.4167307975125,3.09316231858896,3.23926692503515,-9.45739626990538,-15.3812039931333,2.60618503755598,2.54493832076573,-9.067311688222,-15.2603328490145,2.31749270875601,2.37509854098578,-8.9699533265368,-14.9307050076236,2.18880482353832,2.4380605101203,-9.0680539375885,-14.8551647601291,2.22766006942842,2.44581763127927,-9.12924662641275,-15.1926823277418,2.23469559351992,2.44208680696143,-8.80464343913181,-15.0695189354111,2.15366772212155,2.3591712390393
-9.21137823890897,-12.9536168466129,2.16730515215638,1.88318453478082,-8.73169658153077,-13.908925891922,1.99244914728274,2.2066043184875,-8.26530092358952,-14.1678182171414,2.03587705125468,1.98467067731191,-8.3514288878847,-14.3463230272636,2.02425494574414,2.19663272535891,-8.52278741676079,-14.5395142760714,2.07463594409053,2.23646530737727,-8.45908760122165,-14.8837944775013,2.14610304497242,2.30714799063076,-8.61183356133809,-15.0269517796298,2.18211527594127,2.33287311048655
-8.91384450069599,-15.1118447898879,1.31191274607541,1.52625181356155,-8.54918901654944,-14.6075442821673,1.70327594097475,1.76273360058431,-8.16703422576594,-14.6444073120291,2.16344797644312,2.0984903528621,-8.19404479807099,-14.8516817819239,2.20371308273849,2.22813479257484,-8.09736366207781,-14.5594891165828,2.28461491054358,2.2251264380779,-8.28117619504369,-14.4850873639377,2.19066872231363,2.12096082453781,-8.65250483928495,-14.923918509656,2.19766080501954,2.33023684423127
-8.51648802519421,-15.7105792246341,1.90315290382872,1.75292851353265,-8.28602865069731,-13.8305381749991,1.53504946010235,2.39383944502929,-7.55054273049883,-13.6519883985357,1.98197278164791,2.25740761255917,-7.91795429433131,-14.0376497690858,1.99758902170839,2.30531532748746,-8.06827245705126,-14.3354521965618,1.95979363274515,2.47090665810329,-8.44211349792095,-14.9799222441088,2.12353566128386,2.52872990011,-8.80565435091308,-15.3216026988464,2.19390815748166,2.35085909185181
-6.52869142814813,-13.8788166469435,1.58117919163036,1.60973460426353,-7.4892939775834,-14.4785772157129,2.25660129149353,2.2104175751981,-7.76466776858693,-14.7281911058672,2.53256589979975,2.41485545067453,-7.87672668192753,-14.7243384811882,2.19644000161467,2.25012795905334,-7.9953288019047,-14.5404543279792,2.1818267084092,2.28571533533849,-8.36946910694919,-14.4365930394154,2.14958363671683,2.13986645460229,-8.61367016420131,-14.8913302379686,2.21617115801681,2.35780070295003
-8.07632465114591,-13.8335142325396,1.73819214868621,1.84565929699659,-8.33276696590952,-14.1473631517506,1.97458122340351,1.82380977425082,-8.62350552899921,-13.9014027994217,2.10908100452815,2.66938605536221,-8.63919227409207,-14.2207247406481,2.37132769367575,2.7420823159167,-8.44107169742462,-14.2824513191926,2.36351229998964,2.53823395124451,-8.35067585874115,-14.494601419215,2.37811763059583,2.43201080778388,-8.428768305455,-14.6376481644909,2.35482544259396,2.49953200534648
-10.0057926909582,-14.0095632428866,2.01089538336916,1.89385383800979,-8.95257803838497,-14.2338826564217,2.69467842432078,2.31409286134421,-9.16882862432703,-14.9466756318236,2.6906248760494,2.66897588671772,-9.05941933507307,-15.4054296563386,2.61929635251616,2.76496287067554,-8.86622853162798,-15.2876407331628,2.66656066002974,2.62497844532669,-8.99177084209753,-15.3486826586029,2.47625332942972,2.4583350041505,-8.81330507668975,-15.0317191959752,2.33604416768485,2.38147447798937
-7.97823465978136,-14.7149830345791,1.17590890030356,0.675221940396337,-7.95295392482038,-15.4027963621645,1.74363946471575,1.73765847343765,-8.97507238408263,-15.6613732103684,2.29813674130979,2.25317636972782,-9.02957406676459,-15.3533149317684,2.36482601764257,2.57174529822338,-8.40904012765461,-15.0072486258258,2.60341079452147,2.87827789801288,-8.180284287885,-14.4484870624044,2.82289749849886,2.99627024344222,-8.07164498975435,-14.2873295346864,2.59297930037374,2.69933857610839
-9.10210873659444,-14.2487732604132,2.04469774276815,2.3031135257152,-8.79511402343831,-14.8557016750381,2.54593370667116,2.38677037812026,-9.66528440900094,-15.2215243515678,2.32756055572495,2.48661875853146,-9.61288851917787,-15.2000471830628,2.36637742892707,2.37656457276257,-9.23103152569939,-15.2718592551998,2.45686846966685,2.26235641826671,-8.50022888678794,-14.7335695127348,2.6066997988982,2.47304401470108,-8.13904805926399,-14.4378638218305,2.88724699761537,2.89461177422114
-5.45740924784139,-10.7908135692491,2.02891344357119,2.12409339312562,-6.68652594381701,-12.4098699768111,3.23930844847705,2.64909744941107,-6.96292084531282,-13.2352379928021,2.98403456047983,2.99850169484068,-7.00343833720448,-13.5664289861523,2.77132109253895,2.91670882048587,-7.37778963256377,-13.8707938637735,2.65307238217554,2.65757820228675,-8.29781659566402,-14.6609306407555,2.67578489294732,2.72181900232749,-8.34718077115009,-14.5865761723421,2.74699659864035,2.81448234621052
-6.60232502230985,-12.9104922090749,0.799940468820889,1.64042740413444,-6.70242646302311,-12.4729518884814,1.32798684980725,2.14515607791233,-6.84368956149984,-13.1890842287242,1.98205834731377,2.47099499930695,-6.93489828383144,-13.1646630976588,2.31415812043006,2.62678622634164,-7.06183846932303,-13.1642127126535,2.42240981395258,2.71854383259082,-7.84688966218464,-13.8245848836318,2.48188962189651,2.52653132052879,-8.13330883752135,-14.3103342335739,2.43720812992962,2.61093075062941
-6.8441538076754,-10.9417438631033,1.8274100496967,2.36737639952007,-6.5983173099465,-12.0405104094438,2.0152594780945,2.56947266349181,-6.98778852654078,-12.7288400838109,2.44524916059226,2.40455377587147,-6.75421974540923,-12.716210562217,2.39362445654011,2.43246118219002,-6.95695267751168,-12.9251706007249,2.50730193783598,2.60182059798643,-7.77947935579186,-13.9498833461698,2.5725709859542,2.67567976959914,-8.1202364325834,-14.3447438872349,2.43668347442522,2.59905139839105
-4.60233325645664,-12.6576075959117,1.61030433722662,1.17076544742596,-6.29623485054312,-12.853717896369,2.2360091915779,1.96103300260328,-6.4145511310072,-13.1026113146555,2.37324284369797,2.3322697988949,-6.48516914005905,-13.24225359621,2.3526248705227,2.82406190253573,-6.99150360030544,-13.7333647545473,3.00917561313799,3.33865689969019,-7.59600107306275,-14.0043750929412,2.66417889807508,2.82639480474435,-7.9079372702073,-14.2678266397737,2.52916043069046,2.61798402164887
-4.94023848121353,-11.4659567607952,2.05122825322979,1.90659943940922,-5.97274127192413,-11.9684577366671,1.96918934973424,2.11101668560106,-6.41283884183739,-12.3300765462852,2.16421377765904,2.44770930311954,-6.55823154816108,-12.8073668778369,2.22249205956912,2.53991484055936,-6.88204591888702,-13.3216135918468,2.41265254230693,2.66501910449017,-7.6352849311496,-13.9909910082292,2.75400436093602,2.90525392145997,-7.97140997724278,-14.3570409660683,2.58781295166265,2.68887555007404
-6.76008845591103,-15.1203305054953,1.77336646785735,2.34650116390091,-7.99479419030571,-14.4103976449844,1.91747794706021,2.38700207375418,-7.82923271115097,-14.1507504000711,2.25772441484048,2.40333119084915,-7.5099291533953,-14.0553839466054,2.23321587190237,2.27829357694751,-7.29697629736494,-13.7986232744193,2.37747239681855,2.36264440053667,-7.82502805690392,-14.2127992549417,2.71558633451489,2.61819409277021,-8.4032606506387,-14.6170533643592,2.89997362248448,2.94526527695888
-4.59702441235992,-12.7111112677104,1.19766811550713,1.59828542011814,-5.70876466161412,-12.9743558900271,2.01326230575441,2.24466039958124,-5.96798010027843,-12.5240109067311,2.20874500900212,2.27095444989647,-6.30221657673404,-12.8963106954099,2.29713543731928,2.32564765039991,-6.71592785798383,-13.2358798322156,2.29647384026865,2.47365962825293,-8.18449310502094,-14.5475708361345,2.96592325022116,2.92131541679482,-8.44038370524356,-14.7169172196587,2.89671394759934,2.90505022384056
-7.71221619895471,-15.677617163959,1.61977274606974,1.2863826782568,-7.16671344322666,-13.7924081934879,2.46148396201988,2.60302188914242,-6.85368824724841,-13.2451731278363,2.3062046077246,2.41040082028804,-6.85430944508109,-13.2535955937328,2.54924492780496,2.46389689616342,-7.06518742746993,-13.7539477134551,2.93701127039614,2.92709730174148,-7.94803927778186,-14.3845541351595,2.87758997243176,2.91967583476944,-8.41901208644661,-14.7267478544767,2.8360587214974,2.87218886286955
-7.47382134977617,-15.6807510584958,2.38115725937056,1.87208523092515,-7.13009114514755,-15.2962194776982,2.51205638578546,2.49177642424813,-7.46081926347156,-14.9092202660178,2.6809488951271,2.5973370106523,-7.40013863944581,-14.9663087147747,2.97532220357014,2.56434092680748,-7.31471889633021,-14.6934180898295,2.79652941393677,2.48996222687764,-7.53338383555753,-14.0691450010669,2.68046044259578,2.58273263127607,-8.42276700448681,-14.7020763888791,2.87048080874276,2.89125297093115
-9.28818991066606,-17.1068285790447,2.44318139751578,2.70173588338924,-8.95169696174661,-15.2763203910044,2.14341476491362,2.43546976751079,-8.76765630832945,-14.8245275860336,2.14608347412274,2.63601183687397,-8.27104539225788,-14.4312376275692,2.18572026341458,2.44859292729601,-7.7517768813501,-14.1579334822118,2.27301398041324,2.32138814416251,-7.19546085585171,-13.4270819066233,2.31105028061448,2.51519854051421,-7.68753195871526,-13.8876105691005,2.58107260526354,2.69980590223773
-6.80459335699418,-12.3255530905499,1.55529817726316,2.05898911780789,-7.05376411998605,-13.0352885541996,2.16625177977304,2.31641620054245,-6.52302068511782,-12.9225185113463,1.99545003659903,2.2905147481583,-6.67088321967823,-13.0679696687574,2.08085003057358,2.41236819159949,-6.66954468280224,-12.9198460122314,2.21807130278562,2.56698697480875,-7.38318001806482,-13.404550688837,2.4242717391139,2.54356452907036,-7.69005167973696,-14.0133926405442,2.50041480787613,2.58906523531183
-5.83970168768004,-15.3063071767819,1.70400538568649,2.41901175770077,-6.55666373543864,-14.5564527229972,2.91084615438152,2.95719736948273,-7.17474094955749,-14.6608558587646,3.04134934397456,2.80005523808969,-7.80509383355522,-14.6781520763096,2.92127924115658,2.62728049820925,-7.74551955227598,-14.2714426322483,2.65075407840825,2.63354466043896,-7.71764646552076,-13.9915439073352,2.49420111594891,2.67994611825777,-7.95795788695685,-14.3082685751699,2.50213854092658,2.61055658492384
-6.03774855437952,-11.8637567195641,2.27083087799566,1.24796482108933,-6.19936232455322,-11.7741413448823,2.29317297221559,1.97343776524275,-6.44793664893723,-12.5547894262175,2.10058464106451,2.25291539675541,-6.65747696543373,-12.8867063984044,2.20168490229002,2.27651088519456,-6.7891317030824,-13.0765470007339,2.25329646212841,2.55167659077142,-7.21585312783994,-13.3159021507331,2.41038547252203,2.42361194021722,-7.918218939209,-14.2174761485401,2.54410168405857,2.70057639442117
-8.26150602631844,-13.6260336950827,1.44997883963997,1.7376494849714,-7.59943621485675,-13.1077807011062,2.03808892293341,1.85397625416591,-8.03514647667936,-14.0099303249444,2.17177705365476,2.19936432052412,-8.46240489386212,-14.5015232220174,2.26562695084698,2.25544349072242,-8.52515368617954,-14.6124792428358,2.28085373223653,2.4450602460004,-8.32880303466329,-14.5088264649733,2.69090294835723,2.90050905706107,-8.36732778077433,-14.6033745537554,2.50112434376547,2.63348203471242
-7.82790863109541,-14.5850322647389,2.31467969807455,1.29287916103226,-7.61204578533785,-14.6216310424426,2.45046009056296,2.24497859584513,-7.30435183918563,-13.997496443592,2.34679758338602,2.56080768643591,-7.19290633182877,-13.5358596719568,2.60374436636733,2.90330984546213,-7.19417895586848,-13.5492421455019,2.84993621621787,2.83607347711802,-8.33300658153164,-14.4879569265553,2.68429140890133,2.80823345078116,-8.26697964167869,-14.5057512137711,2.48349710179419,2.60756080406613
-6.80767445011829,-12.6237636230823,3.25699711853668,3.08637578910041,-8.71893214073579,-15.0166117374942,4.68176189657964,4.13754188893373,-9.18354036950126,-15.2752469661852,4.04994597809379,3.790628167821,-8.99649863679767,-15.3566404633651,3.58119009307586,3.2405125208898,-9.33406580695601,-15.6280710874794,3.27517258487408,3.21506535286285,-8.81810489454827,-15.1915406195634,3.00437814498357,3.0354679156252,-8.8340859395244,-15.1559088452786,3.5294014081866,3.4802687716489
-7.99731608759896,-13.3465741522393,2.53110970186007,1.36778448781549,-7.33511518476787,-13.8914195409094,2.40316145331534,2.18533482788682,-8.29874652082243,-14.3298594746968,2.97329589584621,3.1075770726363,-7.97408378162495,-13.9872756695661,3.04409159977911,3.23757940662138,-7.79887223950244,-14.1189137976661,2.86664483013132,3.07627917021912,-7.72742315103863,-14.1508184461484,2.99073171148471,2.94926951770471,-8.19312437090418,-14.506579039053,3.20939019202728,3.17205907422413
-6.7790291090675,-12.0559468404088,1.81460808677462,1.92583814530798,-7.64273077945758,-14.451559770007,2.52948031195855,2.91743890230151,-8.36359081219729,-15.3874065637308,2.57831321214262,2.85056211450885,-8.41872554079682,-15.3529653504874,2.33180205275715,2.62701690630469,-8.39812463748767,-14.9900203356103,2.28329002812404,2.50055854575334,-8.32177743968911,-14.7933737370211,2.37580439275047,2.53096762358936,-8.05387346197515,-14.4549427575792,2.48983903788846,2.52972044620344
-8.59953365663429,-13.5738169171874,2.81335817359145,2.05663171520243,-8.74923712216302,-13.9464119461878,2.16812216795783,2.10868211880964,-8.27743775388617,-14.2707624129703,2.57507599463439,2.61143934484675,-8.15111408304077,-14.2735623668063,2.42429869234389,2.53602333616627,-8.25465803236353,-14.4124902662834,2.3147549381237,2.41137331630869,-8.35229290137569,-14.6399743772678,2.17957086367523,2.40032980276916,-8.01983522043196,-14.5587894638925,2.3095545516891,2.37154494255285
-7.9978354427894,-15.5310242080631,2.29856699415106,2.42885011705498,-8.65215867536675,-15.5068327610208,1.94699812373951,2.20425607418074,-9.01011213809781,-15.6515617266862,2.40301152581876,2.83061066296329,-8.83650546901816,-15.4937290637434,2.34205352605874,2.95148496984766,-8.73142426534828,-15.3348299290213,2.25063196807797,2.78035574430546,-8.55455222066631,-14.7026183225864,2.30227995135815,2.55545096150759,-8.15186625876893,-14.4010078140006,2.26438768739598,2.48173948879195
-7.47537766032274,-14.9312661019241,1.58885261318045,1.70909870323994,-8.47023765620363,-15.0071563985097,1.79277865315891,2.21368132082155,-8.74143240704586,-14.5000001387153,1.95377376782034,2.20204156299071,-8.86216665700065,-14.9130366724778,2.00945252248905,2.27612905158094,-8.89129656361331,-14.9120680123116,2.14353820304324,2.21468020541474,-8.61569378460206,-14.7857139464784,2.10707172905718,2.21370561787394,-8.08611998132209,-14.3914604204911,2.4044661408578,2.40387425126093
-8.22093255928326,-14.0950240794434,1.64733307147422,1.76023407831237,-8.82221509948104,-14.8727232139592,2.01348359074316,2.1012649471926,-8.88200232585763,-14.7591644303997,1.91597261048671,2.07372293965973,-8.56727408739378,-14.6699380420882,1.95284422362938,2.08680836021687,-8.45612193343453,-14.7148599061372,2.02099016911342,2.27399024435133,-8.47059305132763,-14.7378271154786,2.08800455571294,2.31007327889067,-8.26774192784428,-14.5542876841308,2.40591651052645,2.51923123676894
-8.4832549128802,-14.5445102176806,2.78584593217967,2.51840069560608,-8.10407944328877,-13.8599189122964,2.50409362227391,2.22242470657763,-8.21108725591523,-14.2852266459915,2.25391353733458,2.15927977957381,-8.58376120652776,-14.764147709747,2.34403812011557,2.24349176486034,-8.7401196631782,-15.040630503614,2.56400561395096,2.53250555332634,-7.79028951408455,-14.3019590824623,2.73353313046067,2.70310539476906,-7.72302403094742,-14.1469123988027,2.73792993730704,2.81136065299742
-7.29411002941592,-14.5241536661226,1.76376281073398,1.68736938653535,-7.52187482976787,-14.4491894514232,2.1964874194289,1.8841386235373,-7.77766973515668,-14.3885569783909,2.15818099424351,2.00413427300063,-7.6867361044527,-14.1660890609516,2.03928166771136,2.17919811456458,-7.86078119593872,-14.4193865206131,2.11470998455134,2.12977518796724,-8.08001841078621,-14.5471491218123,2.26249823824315,2.30932293734345,-7.92753922719126,-14.3170276200367,2.50342961338873,2.5945172421069
-7.5723724726591,-14.9647043493172,1.4874967639549,1.51705429504683,-7.31360002236913,-14.8645115526096,1.70712999410146,2.05969340701369,-8.09335926763661,-14.6975097074852,1.85439745428087,1.91125899437916,-8.02501405579518,-14.6969510772709,1.92108683144962,2.08228713775941,-7.80536074889156,-14.5866140076616,1.97255776240408,2.18003092052408,-8.03134947090794,-14.4019731762147,2.37193869795933,2.48678890485659,-7.85595913220095,-14.1363271967492,2.5874858958782,2.66648883519925
-6.91804310287079,-13.0698736889245,1.5769302412677,1.70843386031382,-7.32188815668733,-13.9245235821665,1.92790906636518,2.2669674930522,-7.06813551163783,-13.508269077804,2.3001843663085,2.54088858143256,-7.05821823646694,-13.1289513207652,2.26567245128958,2.46626565133323,-6.93840993859582,-13.0103619023436,2.29350784239789,2.28802678174495,-6.86458049860509,-13.306221213692,2.29565553773349,2.32367392698874,-7.69584623832856,-13.980360884019,2.50536242210335,2.60352534312571
-8.92109121280509,-14.2347875789022,2.35104439967185,2.88384934312061,-9.1550402697418,-15.0430514601066,2.0748800428827,2.53578559958891,-9.0382992598429,-14.9949326100512,2.35416522112054,2.51005600875088,-8.92310043620686,-14.7563532484483,2.36780518589261,2.53887347858488,-8.76575000543356,-14.7266400073511,2.35913911272548,2.50536095818162,-8.53576842549572,-14.8888497816027,2.36576125048449,2.5294666347419,-8.269118186943,-14.6942709675654,2.46174100975717,2.55897231712369
-7.94427033219042,-13.7556781822985,1.47775148279043,1.37373148605694,-7.45052414569042,-13.8450746801458,2.06459341960366,2.04064008439677,-7.72755047974618,-14.2490262190941,1.98828834097136,2.09738561742845,-7.8243722225593,-14.4585317654696,2.08244917556531,2.3182896875801,-7.96972606968177,-14.7375270687678,2.29743249217595,2.50457998291705,-8.30431730350307,-14.9770381326046,2.38619527040819,2.67857094840092,-8.23050535495037,-14.6719374974462,2.41497767359481,2.50532863602799
-7.86487543761937,-16.2881875361574,2.17261783764055,1.84464990439467,-7.75968741552304,-15.4528811838134,2.38798420945684,2.65383517435493,-7.89946168763149,-15.2903927448434,2.75291636960047,3.02590279548005,-8.10910780802814,-14.7973879753183,2.94687666621371,3.17706421360115,-8.23172596352662,-14.8095816220415,3.02908390355045,3.14451775841296,-8.50002033297146,-15.0149457856908,2.82711759561385,2.78003084015689,-8.44783854218585,-14.7699511678227,2.53443264231296,2.63553928756406
-8.83481406352158,-15.0801969262269,2.05246748596532,3.07205748211558,-8.25084164467567,-15.2274065390575,2.87457677335634,2.87007799759739,-8.32820970876572,-15.5705754262108,2.45596522407715,2.3628855541421,-8.36545058780305,-15.5291828539738,2.28771695029128,2.4419782474554,-8.46970766213952,-15.6025136394327,2.19274189219764,2.47762447362642,-8.54057968335597,-15.2405083492882,2.12786408708911,2.51837871978137,-8.32185991168786,-14.5915052282168,2.22089298665096,2.43283752092306
-7.8739695413434,-14.7664670344888,1.7054953366134,1.91526010882093,-8.95935416204659,-14.9043666861913,1.88710754295993,1.77251956643766,-8.97145058468158,-14.4926671747609,1.99513418690167,1.76882931802304,-8.66072486356592,-14.5673966540283,2.2263954400255,2.03462270667434,-8.58701463048635,-14.8284498664373,2.22767250558369,2.11222197830604,-8.87454663723703,-15.2137891921794,2.24240056306811,2.34860295488221,-8.26370123138837,-14.8815234276434,2.19762095899465,2.34650156301244
-7.55738811852183,-14.7394273599896,2.05588875244574,3.11796987124219,-8.70691764595957,-13.6145671079228,2.53119608577557,2.50811578536544,-8.9147401501923,-14.199163581946,2.28990008640052,2.44820429406165,-8.8948937090721,-14.6763627222829,2.31361176345828,2.62183672993683,-8.79749561589416,-14.7800113427798,2.19553467062714,2.43930508664686,-8.57024095563295,-14.751952305447,2.20624674158205,2.30930482689359,-8.19919303371261,-14.6365318778458,2.36270032402856,2.39819346409522
-7.57910984579702,-12.4396000113672,1.43095698494645,1.29733242576412,-6.77527946473397,-13.2731794285672,2.188401593232,1.94202192003232,-7.96420509125551,-13.7224558798891,2.6577616482381,2.22424792956909,-8.15619473330984,-13.8661326109664,2.67836064822343,2.2746254331962,-8.03687400605569,-14.003259648947,2.55525529671612,2.38846584518157,-8.16445425555473,-14.4318993354422,2.60603757573922,2.52707654489643,-7.96465033231749,-14.2976284515797,2.5561837502434,2.59267741930178
-6.67727718619931,-14.4413710889501,1.37539703822843,1.49206505417061,-7.514370858516,-14.0502961422893,2.08064183518485,1.89325591588858,-7.28403213971096,-13.9463408534203,1.90033679664391,1.98926769690119,-7.89394058703856,-14.5977285857811,2.13483198393358,2.36641642422876,-8.08807984715616,-14.6866577058562,2.20684750468569,2.38636078033132,-8.21610701732681,-14.4988249027123,2.26247841393998,2.36256063837454,-8.20378279612901,-14.6958714339667,2.21738199912706,2.37911108941001
-7.24066465205139,-15.2819013102171,1.48448022849645,2.05857180618216,-8.95559710900575,-15.2390112452731,2.08203401160727,2.31687121693979,-8.08422416212371,-14.6073792778017,2.04459804640414,2.17543526142869,-8.12994208965309,-14.4253652773672,1.98200740839171,2.09360638313626,-8.14180973127729,-14.6304583617556,1.88276303262352,2.1001704986526,-8.44148627472033,-14.8016352225964,2.00132743305903,2.17611952407823,-8.39909218091405,-14.7920731492125,2.14960525861575,2.36543393303885
-7.63955939462973,-15.0361715415052,1.65979447953004,1.07168874997557,-8.22592795323057,-14.4098524684195,1.6942104629691,1.7728690197298,-8.36099106267497,-14.2864043790842,1.77673268719701,2.10694255869465,-8.26716082217943,-14.3748128277991,1.8297876042899,2.05388180274269,-8.41193639600536,-14.5470472730362,1.88426668750413,2.0913972488075,-8.43199758489789,-14.5992378945427,1.96217328024184,2.16414073525415,-8.24734682761736,-14.5328794177733,2.11904812781418,2.28859561845921
-7.80149565775905,-13.0927513356914,1.60372173855458,2.62243051644263,-8.02856263132503,-13.7604422564111,1.78515806073602,2.28154195783433,-7.97347107630711,-13.8626513577321,1.84019585843116,2.10276209881704,-7.96407668493692,-14.1625456011764,1.92112241927087,2.18788980173267,-7.91476697571281,-14.3805442581194,2.13663744074032,2.24708826698024,-8.39417719825164,-15.1448055807528,2.37439130551948,2.51790564975869,-8.10410331491892,-14.8726195945847,2.353562940255,2.46066887774256
-7.24544288611833,-13.5755066207346,1.27986900407226,1.65789309523776,-8.12023840050433,-14.2328742894374,1.77526465726534,1.98548828702531,-7.93787970295055,-14.3617498591991,1.79049810141007,1.88460541900453,-8.03070760067057,-14.4453419470385,1.82395502285804,2.07118456944416,-8.05028175444214,-14.4643359500823,2.08431158738127,2.21994612320478,-8.01902264906931,-14.5487489009609,2.08980346329573,2.30172693925663,-8.40346012915009,-14.8068997955305,2.30492500041862,2.40399258526212
-12.0643186974564,-15.9733672603903,2.6231466062556,1.6457182752942,-10.2549988593945,-15.4520800315747,2.60227579743924,2.0222267183145,-9.30773770864555,-15.3702561356635,2.5311238450192,2.156116533681,-9.36415020552813,-15.5533579798515,2.41788135807324,2.52587637424488,-9.02180917882826,-15.5401698927905,2.4961195636408,2.65390838412323,-8.57542924371151,-15.1603272291069,2.50825430684255,2.61352594253324,-8.66062249853702,-15.1857642020103,2.35682640752037,2.46071050473133
-9.73851132802993,-16.4101869976488,1.58602185132763,1.6121719178724,-10.300275995388,-17.073741271343,2.58220160162341,2.47386265905226,-10.2854124926582,-16.852624881975,2.61322247945811,2.11820683687994,-10.0778036710006,-16.767512621512,2.67149969182414,2.2500004185257,-10.0038774127377,-16.5795770363054,2.74492849224516,2.51165581278943,-9.7485290106493,-16.2958934573712,2.86176631620732,2.86487772982901,-9.17164073934358,-15.650721038578,2.7327585643624,2.8252413970006
-10.3804310831982,-16.1729581384551,2.25881140682845,2.5147519413743,-8.18244020606754,-14.6720847337682,2.46364907094183,2.77769697728401,-7.61562842840701,-14.358885547202,2.19068585475903,2.57924288519691,-7.66149891538586,-14.5354923582851,2.09030771719482,2.40032970948506,-8.16749541123327,-14.7713281430203,2.38328483768813,2.29605038257059,-8.43604982882768,-15.0926527016248,2.4356885656332,2.44193284033897,-8.36326918895032,-15.0817208189094,2.45068406524202,2.55970067774535
-11.0603826994926,-18.9510163715933,2.93056848438124,2.22970763635966,-10.1226362977389,-17.1719568361758,2.51352884301704,2.40836161366953,-10.2879990977159,-16.9290024477529,2.45805997034173,2.88279806618483,-10.1900169173079,-16.5764294238216,2.52816014103105,2.89828412319979,-9.88685184298743,-16.1934908219126,2.61466494202217,2.70665972522418,-9.44984364526008,-15.7963385062338,2.60767272548551,2.61236546419892,-8.87683003684542,-15.3142729413294,2.48609491693286,2.53185907732003
-8.86564261996146,-15.5497088910708,2.38295552066921,2.39369213322281,-9.85871767743109,-17.0819636986274,2.59674273643881,3.02411228387233,-10.2202107262804,-16.7965688972058,2.67385211451026,2.88709591516323,-10.473853697713,-17.0245459110294,2.72065894941003,2.88857147564032,-10.4326127464161,-16.8410228905325,3.0579523071038,2.84022364557063,-10.5380669656885,-17.0009918073439,3.03800579289266,2.95744755075409,-9.23717096432556,-15.8730420899886,2.82144677060825,2.83651518604292
-8.44085113138074,-14.4411295652602,2.47121585047998,1.84551680392163,-8.52124055948456,-15.012000621764,1.96065825143005,2.51318258583211,-8.51668328964551,-15.3682973260188,2.07951391382577,2.66056602341396,-9.06777981968694,-15.342748770979,2.26220208395015,2.38786233056811,-9.07983257671925,-15.2140222437198,2.18799820045209,2.23092076465385,-8.7147425222378,-15.3435595331329,2.22900932630813,2.31970516706528,-8.05780130645532,-14.6697976381782,2.57155152396349,2.65348287852228
-10.4576811826834,-16.5260613540431,2.55865502387294,1.31905504127273,-9.46171100385045,-16.7044318416226,2.24504380418579,2.11082981213785,-8.78890920834889,-15.4611065759245,2.43359866092481,2.52036787496067,-8.24786369787397,-15.0377292375244,2.49605434989124,2.53393242128897,-8.01618237962136,-14.7640432216275,2.38837335801306,2.40698510919776,-8.26007906168868,-14.9203410486507,2.2404506299405,2.26827431363245,-8.20814462681773,-14.9345214595138,2.2871274652361,2.3651773397234
-8.46961612573079,-16.4890905772336,1.52940594698117,1.9505020894102,-8.1163492246944,-14.7971040436643,1.93208409770992,2.13501021716691,-8.39744931262651,-14.6484696044869,1.93225521897045,2.00854197998696,-8.42024906628897,-14.9516699129421,1.86736694108219,2.06663589955945,-8.31498579772834,-14.8904314688974,2.01067324677932,2.20971216589081,-8.22062280759869,-14.9400411857081,2.04178889170201,2.31181707414531,-8.10065955083198,-14.6536266628453,2.33142676679386,2.55574856749555
-7.32316140725149,-14.85626882906,0.878245887333577,1.68227629168225,-8.40731029015678,-15.1378825135499,1.90873257984096,1.92889750264424,-8.06105326955814,-14.6451009975592,2.1418626165669,2.00831079778347,-7.96891365538123,-14.3399547885827,2.16046027522207,2.04735897582699,-7.98456992880068,-14.2312297088686,2.29796770336887,2.03568016707678,-7.6645180154101,-14.369320835624,2.43910220712392,2.32230036572724,-8.02448904153544,-14.6578399212367,2.28684222522017,2.26725010430655
-7.49550788540159,-15.4333885869568,1.86841546459484,2.50322823364836,-7.61237862846663,-14.4302417359211,1.78581702064972,2.10373850588126,-7.42789339224005,-14.1878185581155,1.9210556855424,1.88591562160692,-7.62944368180172,-14.4306212811723,1.99992557070182,1.95814270354056,-7.9461997349755,-14.6104556561082,2.0832514488335,2.08688694921,-8.05848839772303,-14.4783811813952,2.28478599256509,2.30674496573296,-7.8733288130582,-14.2507951252511,2.30394516478418,2.38037049591476
