"sp","Exp_Run_1","Exp_Run_2","Exp_Run_3","Exp_Run_4","Pred_Run_1","Pred_Run_2","Pred_Run_3","Pred_Run_4","Exp_MEAN","Pred_MEAN","times.hi.auc","incidence"
"V10",0.961631294215564,0.968414481897628,0.970217783326398,0.976543209876543,NA,NA,NA,NA,0.969201692329033,NA,NA,3
"V1002",0.936790886362564,0.944133423484336,0.957412851747821,0.937211084380291,0.587391774891775,0.484391534391535,0.633891547049442,0.52994227994228,0.943887061493753,0.558904284068758,0,8
"V1006",0.925948149752725,0.916592803605561,0.916841239079611,0.917099284158108,0.622533408620365,0.71422297509254,0.723030303030303,0.715728715728716,0.919120369149001,0.693878850617981,3,10
"V1017",0.969135802469136,0.975925925925926,0.972222222222222,0.971480094326537,NA,NA,NA,NA,0.972191011235955,NA,NA,3
"V1022",0.996097178683386,0.997163732640878,0.998006644518272,0.995064240757906,0.850969320534538,0.805223285486444,0.719393468849991,0.91024531024531,0.99658294915011,0.821457846279071,4,7
"V1024",0.95,0.966611180468858,0.956623664863365,0.948148148148148,NA,NA,NA,NA,0.955345748370093,NA,NA,3
"V1026",0.977777777777778,0.979012345679013,0.977639062283257,0.981439866833125,NA,NA,NA,NA,0.978967263143293,NA,NA,3
"V1031",0.989808859615136,0.990601116420566,0.991444679351656,0.988087338906304,0.73191856452726,0.693512767425811,0.801704545454546,0.522862554112554,0.989985498573416,0.687499607880043,2,6
"V1033",0.93926455566905,0.940678142656058,0.933437826541275,0.940624076226556,0.47463768115942,0.495670995670996,0.5,0.433712121212121,0.938501150273235,0.476005199510634,0,5
"V1034",0.967750361763705,0.969290753981765,0.962778061514017,0.974870249782469,0,0.0795454545454546,0.181818181818182,0.0681818181818182,0.968672356760489,0.0823863636363637,0,4
"V1038",0.880581788982873,0.875241369620455,0.874242335254994,0.879108748371164,0.547142857142857,0.672294372294372,0.512752368404542,0.551127819548872,0.877293560557371,0.570829354347661,0,14
"V1039",0.827844326690004,0.822515349837865,0.824530613369885,0.823191165419996,0.686768416768417,0.630052790346908,0.625189255189255,0.662380952380952,0.824520363829437,0.651097853671383,0,43
"V104",0.985185185185185,0.983229296712443,0.980177555832987,0.990740740740741,NA,NA,NA,NA,0.984833194617839,NA,NA,3
"V1045",0.96252581999773,0.956753017062006,0.962835376234253,0.962691521961185,0.536435786435787,0.615118577075099,0.590591473743648,0.704545454545454,0.961201433813793,0.611672822949997,1,5
"V105",0.948875929401145,0.96141065830721,0.95795058293121,0.951577266922094,0.606331168831169,0.382682806324111,0.55861801242236,0.643231225296442,0.954953609390415,0.547715803218521,0,6
"V1052",0.989249884141036,0.990870786516854,0.989305035372451,0.990873907615481,0.795454545454545,0.619565217391304,0.772727272727273,0.659584980237154,0.990074903411455,0.711833003952569,2,4
"V106",0.919151146351958,0.90836699279204,0.91345060950514,0.915450819340154,0.522727272727273,0.564857425183512,0.29827595173705,0.381087662337662,0.914104891997323,0.441737077996374,0,7
"V1060",1,1,1,1,0.863636363636364,0.818181818181819,NA,0.978260869565218,1,0.8866930171278,NA,4
"V1061",0.964627548897212,0.971237657473613,0.973697650663943,0.970037453183521,0.931818181818182,0.954545454545455,NA,NA,0.969900077554572,0.943181818181819,NA,4
"V1062",0.979096771901149,0.974095778146488,0.9798946124186,0.984843360108491,0.570634920634921,0.682954545454545,0.599810606060606,0.483189817428948,0.979482630643682,0.584147472394755,0,7
"V1067",0.996296296296296,0.993813288944375,0.992550977944237,0.992550977944237,NA,NA,NA,NA,0.993802885282286,NA,NA,3
"V1068",0.981894223130178,0.972553626149132,0.973662795134608,0.973631256384065,0.455439488048184,0.528409090909091,0.306818181818182,0.489565687935253,0.975435475199496,0.445058112177677,0,5
"V107",0.899635720096688,0.88751970389692,0.890530977769151,0.900786647959486,0.683454290807232,0.716158578263841,0.675198412698413,0.518620984278879,0.894618262430561,0.648358066512091,1,14
"V1073",0.998148148148148,1,0.98762657788875,0.981335830212235,NA,NA,NA,NA,0.991777639062283,NA,NA,3
"V1082",1,1,1,1,NA,NA,NA,NA,1,NA,NA,3
"V1086",0.996033426493399,0.997437920875421,0.997877298263534,0.998595505617977,0.840909090909091,0.863636363636364,0.886363636363636,0.477272727272728,0.997486037812583,0.767045454545455,3,4
"V1087",1,1,1,1,NA,NA,NA,NA,1,NA,NA,3
"V1088",0.96586000453978,0.960115661653341,0.952556818181818,0.963886240683994,0.580157161678901,0.454545454545454,0.521739130434783,0.498737373737374,0.960604681264733,0.513794780099128,0,5
"V109",0.987654320987654,0.975759467332501,0.985185185185185,0.986974615064502,NA,NA,NA,NA,0.983893397142461,NA,NA,3
"V1092",0.993445692883895,0.995318352059925,0.992977528089887,0.998314606741573,NA,NA,0.779644268774703,0.518280632411067,0.99501404494382,0.648962450592885,NA,4
"V1096",0.975308641975309,0.977777777777778,0.975925925925926,0.973886808156472,NA,NA,NA,NA,0.975724788458871,NA,NA,3
"V1104",0.991330281592454,0.991358024691358,0.996296296296296,0.992592592592593,NA,NA,NA,NA,0.992894298793175,NA,NA,3
"V1105",0.976473852129283,0.977777777777778,0.974074074074074,0.981481481481481,NA,NA,NA,NA,0.977451796365654,NA,NA,3
"V1114",1,1,1,1,0.886363636363636,0.493577075098814,0.954545454545455,0.75098814229249,1,0.771368577075099,3,4
"V1116",1,1,1,1,NA,NA,NA,NA,1,NA,NA,3
"V1126",1,1,1,1,NA,NA,NA,NA,1,NA,NA,3
"V113",0.910763213231609,0.903529440353819,0.915936591708421,0.913032717675861,0.313985088985089,0.464859777903256,0.493655891210239,0.484248231745371,0.910815490742428,0.439187247460989,0,7
"V1136",0.951825450174724,0.960017050268963,0.950274746225675,0.956022360294024,0.571917937135329,0.58728354978355,0.767534349708263,0.589220779220779,0.954534901740846,0.62898915396198,1,9
"V114",0.863219568831562,0.864587277155825,0.869984369353717,0.859255722143374,0.712148962148962,0.728051762371615,0.70046685340803,0.724801048624578,0.864261734371119,0.716367156638296,4,38
"V1143",0.992550977944236,0.991358024691358,0.991330281592454,0.996296296296296,NA,NA,NA,NA,0.992883895131086,NA,NA,3
"V119",0.969356013316688,0.973314606741573,0.976154806491885,0.974843945068664,0.136363636363636,0.422924901185771,0.541501976284585,0.454545454545454,0.973417342904703,0.388833992094862,0,4
"V1190",0.81155723471782,0.787020889974096,0.7999533006199,0.80605919379246,0.265036231884058,0.223033910533911,0.263276397515528,0.31633069828722,0.801147654776069,0.266919309555179,0,9
"V1196",0.835439383748269,0.837251765427822,0.841436648831318,0.842732999041931,0.486728778467909,0.438556965536371,0.459406081273089,0.496428571428571,0.839215199262335,0.470280099176485,0,10
"V1198",0.998148148148148,1,0.997530864197531,0.998148148148148,NA,NA,NA,NA,0.998456790123457,NA,NA,3
"V1199",0.857630540755541,0.846182940215154,0.847044419389708,0.86171760798976,0.621266937396968,0.779196602617655,0.783685300207039,0.616893444246385,0.853143877087541,0.700260571117012,2,19
"V1200",0.873452798318705,0.871568779321944,0.873303549149954,0.879307472569856,0.641559848819911,0.808654970760234,0.736625461778914,0.652780041309453,0.874408149840115,0.709905080667128,2,18
"V1201",0.868563274512642,0.866474358974359,0.86543069055382,0.876291788608862,0.635874534821903,0.760275689223058,0.737674653385382,0.663138386667798,0.86919002816242,0.699240816024535,2,17
"V1202",0.883597304698376,0.890538465487693,0.887131624520203,0.897922771672771,0.663845978582821,0.676913116123643,0.75307126511932,0.617171717171717,0.889797541594761,0.677750519249375,1,14
"V1203",0.869276437736353,0.866153846153846,0.865758050132623,0.876732119882526,0.632706893496367,0.761616541353384,0.728376407771346,0.665099170981524,0.869480113476337,0.696949753400655,2,17
"V1204",0.859049332369802,0.856223311771835,0.861978934882831,0.863015005731695,0.655147084883927,0.73092731829574,0.607082043343653,0.64310562502513,0.860066646189041,0.659065517887112,1,16
"V1205",0.87321843977211,0.871879544506127,0.872748617395676,0.879225769293709,0.643240521088818,0.808654970760234,0.736625461778914,0.653760433466316,0.874268092741905,0.710570346773571,2,18
"V1206",0.894657567251929,0.894295829885261,0.893727327324889,0.902823145003602,0.802351364522417,0.742691102756892,0.814959072874001,0.662597670647206,0.89637596736642,0.755649802700129,3,15
"V1207",0.954560260642859,0.964252069324242,0.965797845565287,0.965817644887412,0.780772005772006,0.739177489177489,0.726190476190476,0.615340909090909,0.96260695510495,0.71537022005772,3,7
"V1208",0.907300917239942,0.901004658205783,0.902948878354001,0.911414516669225,0.657996632996633,0.796365914786967,0.778905319564897,0.697366522366522,0.905667242617238,0.732658597428755,2,16
"V1209",0.954947234707837,0.957919031820159,0.95840870180786,0.965688791372786,0.800478468899522,0.598484848484849,0.701677489177489,0.723872655122655,0.95924093992716,0.706128365421129,3,8
"V1210",0.90615070014799,0.906878939417617,0.90671074292861,0.910366732851609,0.838815789473684,0.788427318295739,0.7917668852438,0.6998312626486,0.907526778836457,0.779710313915456,3,16
"V1211",0.918180840287841,0.913680823401053,0.918604531117293,0.919748055864512,0.714208817498291,0.62202380952381,0.770050125313283,0.666319444444444,0.917553562667675,0.693150549194957,2,11
"V1212",0.906723994163019,0.900736556249918,0.90314885769955,0.911522386227542,0.661515151515151,0.791102756892231,0.778905319564897,0.699218374218374,0.905532948585007,0.732685400547663,2,16
"V1215",1,1,1,1,NA,NA,NA,NA,1,NA,NA,3
"V1226",0.999074074074074,0.998148148148148,1,1,NA,NA,NA,NA,0.999305555555555,NA,NA,3
"V1228",1,1,1,1,NA,NA,NA,NA,1,NA,NA,3
"V1232",0.972265128359665,0.978687436159346,0.964105996031606,0.978342876002698,0.579545454545454,0.381854256854257,0.227272727272727,0.401785714285714,0.973350359138329,0.397614538239538,0,5
"V1234",0.998863636363637,0.998350168350168,0.998579545454546,0.999090909090909,0.869565217391304,0.861471861471862,0.818181818181818,0.746212121212121,0.998721064814815,0.823857754564276,4,5
"V1236",0.941871666603022,0.943463796176778,0.944957995445754,0.938885070200227,0.475757575757576,0.553174603174603,0.675034820252212,0.508008658008658,0.942294632106445,0.552993914298262,0,8
"V1239",0.858864062766502,0.869472561445393,0.862234665621885,0.872780395445172,0.62593984962406,0.565382775119617,0.409686045696276,0.523250948930297,0.865837921319738,0.531064904842563,0,15
"V128",0.988888888888889,0.990740740740741,0.995061728395062,0.995061728395062,NA,NA,NA,NA,0.992438271604938,NA,NA,3
"V13",0.819376442762716,0.803500391989473,0.791700677593661,0.815984610892546,0.292354527623407,0.381109022556391,0.416580086580087,0.360270389412266,0.807640530809599,0.362578506543037,0,11
"V133",0.99438202247191,0.992592592592593,0.990678318768206,0.99074074074074,NA,NA,NA,NA,0.992098418643362,NA,NA,3
"V134",0.987765293383271,0.981164169787765,0.973990785665646,0.986189138576779,0.34955533596838,0.227272727272727,0.136363636363636,0.179841897233202,0.982277346853365,0.223258399209486,0,4
"V14",0.934956304619226,0.916448189762797,0.92962962962963,0.929629629629629,NA,NA,NA,NA,0.927665938410321,NA,NA,3
"V158",1,1,1,1,NA,NA,NA,NA,1,NA,NA,3
"V162",0.763198798388672,0.764099494036203,0.763716722429247,0.764737702522513,0.339991645781119,0.442581453634085,0.318532695374801,0.410910609857978,0.763938179344159,0.378004101161996,0,18
"V165",0.996296296296296,0.99812734082397,0.993813288944375,0.997530864197531,NA,NA,NA,NA,0.996441947565543,NA,NA,3
"V174",0.893350010423181,0.874680981780567,0.882616564114296,0.886602772196031,0.602188552188552,0.5245445052024,0.635235548764961,0.629136745607334,0.884312582128519,0.597776337940812,0,16
"V177",0.995735004050579,0.997609427609428,0.997209595959596,0.995376899565199,0.818181818181819,0.806637806637807,0.842344249952946,0.805735930735931,0.9964827317962,0.818224951377125,4,5
"V178",0.7769051623482,0.751350254079012,0.760881021285214,0.774127888184434,0.303738859180036,0.492552213868003,0.504464285714286,0.429249192499967,0.765816081474215,0.432501137815573,0,19
"V179",0.987194357366771,0.984499925361994,0.987381222715566,0.986842580924377,0.672567287784679,0.76948051948052,0.59948593073593,0.673674242424243,0.986479521592177,0.678801995106343,1,7
"V18",0.98503367003367,0.980885713652083,0.988323307986229,0.97861206015991,0.638026224982747,0.750721500721501,0.780420666290232,0.863636363636364,0.983213687957973,0.758201188907711,3,5
"V181",0.910703237694215,0.921436469843758,0.917684306810112,0.914668526333983,0.704135338345865,0.667943722943723,0.65952380952381,0.653901799954432,0.916123135170517,0.671376167691957,1,12
"V184",0.993456096545984,0.992388680815647,0.997191011235955,0.987900540990428,0.41798418972332,0.639328063241107,0.41699604743083,0.659090909090909,0.992734082397004,0.533349802371542,0,4
"V187",0.97283950617284,0.965432098765432,0.974074074074074,0.985122763212651,NA,NA,NA,NA,0.974367110556249,NA,NA,3
"V189",0.969396144159104,0.970707685373,0.963717099631766,0.957515381453303,0.580790043290043,0.416873706004141,0.468756822887258,0.592753623188406,0.965334077654293,0.514793548842462,0,8
"V192",0.997530864197531,0.997530864197531,0.997530864197531,0.997516992648079,NA,NA,NA,NA,0.997527396310168,NA,NA,3
"V2",0.904791477509174,0.921710196534635,0.931424084004842,0.943566375364128,0.409090909090909,0.329545454545455,0.136363636363636,0.220602766798419,0.925373033353195,0.273900691699605,0,4
"V201",1,1,1,1,NA,NA,NA,NA,1,NA,NA,3
"V217",0.935370950888192,0.957174128929747,0.947943949373628,0.954783466852432,0.681818181818182,0.393398268398268,0.69484126984127,0.671030961791832,0.948818124011,0.610272170462388,0,6
"V221",0.91425702204772,0.917192575312062,0.923893637220858,0.912999093929327,0.470899470899471,0.433681535855449,0.256652315076228,0.509057971014493,0.917085582127492,0.41757282321141,0,7
"V224",0.92054370222958,0.941773214516337,0.925256610075963,0.950726317481935,0.568181818181818,0.568452380952381,0.795454545454546,0.380070111048372,0.934574961075954,0.578039713909279,1,5
"V225",0.964058815369677,0.966666666666667,0.966666666666667,0.961548064918852,NA,NA,NA,NA,0.964735053405466,NA,NA,3
"V226",1,1,1,1,NA,NA,NA,NA,1,NA,NA,3
"V228",1,1,0.99812734082397,1,NA,NA,NA,NA,0.999531835205993,NA,NA,3
"V235",0.966901695382048,0.966637390053589,0.957550255831719,0.970438520235681,0.480248917748918,0.608806818181818,0.619047619047619,0.681195887445887,0.965381965375759,0.597324810606061,0,7
"V237",0.972222222222222,0.967845748370093,0.975156054931336,0.966666666666667,NA,NA,NA,NA,0.970472673047579,NA,NA,3
"V239",0.998636363636364,0.997405515832482,0.998295454545455,0.997272727272727,0.728715728715729,0.907287157287157,0.372529644268774,0.731240981240981,0.997902515321757,0.684943377878161,3,5
"V240",0.988836870578443,0.982716049382716,0.983229296712443,0.998148148148148,NA,NA,NA,NA,0.988232591205438,NA,NA,3
"V241",0.893173400106794,0.908038805908989,0.905912111144669,0.907109011648414,0.622132983975089,0.519862836438923,0.475,0.295819217014869,0.903558332202216,0.47820375935722,0,8
"V244",1,0.999074074074074,1,0.99504785684561,NA,NA,NA,NA,0.998530482729921,NA,NA,3
"V246",0.971245245443321,0.966367350906244,0.965605734840843,0.96991602057432,0.572781385281385,0.719967532467533,0.532323232323232,0.563017598343685,0.968283587941182,0.597022437103959,1,7
"V249",1,1,1,0.997769454848107,0.977272727272728,0.782608695652174,0.931818181818182,0.795454545454546,0.999442363712027,0.871788537549407,4,4
"V250",0.88634765017118,0.898935452578342,0.896975413843355,0.90305999095361,0.699206349206349,0.596130952380952,0.635386762360447,0.763699020277968,0.896329626886621,0.673605771056429,1,10
"V251",0.991358024691358,0.990740740740741,0.993799417394923,0.994444444444444,NA,NA,NA,NA,0.992585656817867,NA,NA,3
"V254",0.924436121514773,0.904631166534256,0.914766106760489,0.904551602163961,0.265563241106719,0.0681818181818182,0.272727272727273,0.383399209486166,0.91209624924337,0.247467885375494,0,4
"V258",0.999074074074074,1,0.997777777777778,1,0.576086956521739,0.613636363636364,0.727766798418972,0.579545454545454,0.999212962962963,0.624258893280632,1,4
"V267",0.981481481481482,0.983333333333334,0.990657511444028,0.991330281592454,NA,NA,NA,NA,0.986700651962824,NA,NA,3
"V269",0.786439765734627,0.78215729065604,0.781190031253541,0.776535055338468,0.428837535014006,0.586483856700575,0.549181450357921,0.492210777698394,0.781580535745669,0.514178404942724,0,29
"V270",0.724467716223413,0.729899470457279,0.722096376479938,0.713092611660387,0.437973160024244,0.455802987861812,0.412397660818713,0.520530753968254,0.722389043705254,0.456676140668256,0,32
"V271",0.917598561477518,0.919234328411633,0.921689887715113,0.906186567650316,0.50625,0.506734006734007,0.476388888888889,0.48989898989899,0.916177336313645,0.494817971380471,0,9
"V273",0.913850296989832,0.933378657020116,0.936235779854172,0.941019540522583,0.477743271221532,0.479783079239601,0.480316205533597,0.548647186147186,0.931121068596676,0.496622435535479,0,7
"V30",0.93424885559717,0.925565265640172,0.935185185185185,0.929324455541684,NA,NA,NA,NA,0.931080940491053,NA,NA,3
"V307",0.944358474656012,0.929412512055038,0.946973028204142,0.935107588250659,0.726363636363636,0.740404040404041,0.777733736515201,0.734391534391534,0.938962900791463,0.744723236918603,4,10
"V32",0.99812734082397,0.995061728395062,0.99812734082397,0.993813288944375,NA,NA,NA,NA,0.996282424746844,NA,NA,3
"V323",1,1,1,1,NA,NA,NA,NA,1,NA,NA,3
"V324",0.917744495870507,0.930595943096416,0.938019732205779,0.927558575037018,0.489772727272727,0.365976143421796,0.343685300207039,0.454951690821256,0.92847968655243,0.413596465430705,0,7
"V325",0.993333333333333,0.991525153217569,0.993208477565922,0.994181574641547,0.778162055335968,0.590909090909091,0.681818181818182,0.795454545454545,0.993062134689593,0.711585968379447,2,4
"V328",0.933363088246809,0.943092986213104,0.927686929393227,0.92439757039867,0.604545454545454,0.587301587301587,0.704004329004329,0.681673881673882,0.932135143562952,0.644381313131313,1,6
"V33",0.830540880652874,0.814443720204685,0.842197178613047,0.840903922292431,0.47738189346885,0.46259457933371,0.425440115440115,0.353008658008658,0.832021425440759,0.429606311562833,0,10
"V34",0.938701622971286,0.926869191288667,0.938021917048134,0.926643778610071,NA,NA,NA,NA,0.93255912747954,NA,NA,3
"V340",0.858502579626343,0.847906005238515,0.860368155381706,0.855273968227898,0.391280473912053,0.408171152518979,0.436810966810967,0.525357142857143,0.855512677118615,0.440404934024785,0,14
"V341",0.993639874872319,0.987827715355805,0.994023569023569,0.993112775697045,0.727272727272728,0.909090909090909,0.715909090909091,0.671936758893281,0.992150983737185,0.756052371541502,3,4
"V342",0.944490551583248,0.953979400749064,0.955447357469829,0.966385767790262,NA,0.648221343873517,0.53903162055336,0.25,0.955075769398101,0.479084321475626,NA,4
"V344",0.962685436308063,0.949079725969497,0.958805874840358,0.950701457871835,0.433609385783299,0.741071428571428,0.590151515151515,0.428643578643578,0.955318123747438,0.548368977037455,1,6
"V35",0.914588993382097,0.907820155578776,0.919231133496922,0.90884106465664,0.624785902503293,0.395734519104084,0.401585733107472,0.448277809147374,0.912620336778609,0.467595990965556,0,6
"V351",1,1,1,1,NA,NA,NA,NA,1,NA,NA,3
"V355",0.998765432098765,1,1,1,NA,NA,NA,NA,0.999691358024691,NA,NA,3
"V361",0.976686811939621,0.979443829682594,0.970992402962207,0.969139427987743,0.320781573498965,0.503364389233954,0.41501976284585,0.318181818181818,0.974065618143041,0.389336885940147,0,5
"V362",0.97085291113381,0.97162093621218,0.963855799373041,0.968886364614764,0.501411631846415,0.550077639751553,0.660507246376811,0.553391053391053,0.968804002833449,0.566346892841458,0,6
"V365",0.872989835500596,0.883102971426596,0.885407108384987,0.876776831365419,0.464575569358178,0.57707509881423,0.60968998583415,0.578448963317384,0.879569186669399,0.557447404330986,0,11
"V368",0.810990938885676,0.814264390623681,0.80376107058413,0.81773245390334,0.519323308270677,0.518475355054302,0.501385281385282,0.618245614035088,0.811687213499206,0.539357389686337,0,19
"V374",0.855065865703711,0.853591311057036,0.852748741773132,0.853602777121558,0.519761904761905,0.563751803751804,0.494968944099379,0.575930735930736,0.853752173913859,0.538603347135956,0,11
"V375",0.832196679584279,0.839458703083763,0.828558313163257,0.834171792697603,0.525009113693324,0.585079365079365,0.517027350986161,0.602516233766234,0.833596372132226,0.557408015881271,0,13
"V376",0.92637946792912,0.922283176593521,0.924588061853499,0.9229840904462,0.63481672313194,0.708658008658009,0.663843402973838,0.682711038961039,0.924058699205585,0.672507293431206,1,7
"V377",0.935061534889121,0.935798022847616,0.93040077254529,0.932903769864836,0.616872529644269,0.703733766233766,0.70175983436853,0.657467532467533,0.933541025036716,0.669958415678524,2,6
"V378",0.941319358834372,0.949526727953694,0.94414165058828,0.944976166155941,0.795454545454545,0.786796536796537,0.630446546207416,0.668831168831169,0.944990975883072,0.720382199322417,2,5
"V379",0.967568947906027,0.97059925093633,0.979531090398366,0.989912940264064,0.590909090909091,0.772727272727273,0.443181818181819,0.443181818181818,0.976903057376196,0.5625,1,4
"V381",0.967576927987742,0.97059925093633,0.979531090398366,0.99083886618999,0.590909090909091,0.795454545454546,0.443181818181819,0.431818181818181,0.977136533878107,0.565340909090909,1,4
"V386",0.986974615064502,0.988888888888889,0.994444444444444,0.989814814814815,NA,NA,NA,NA,0.990030690803163,NA,NA,3
"V387",0.967576927987742,0.971301498127341,0.979531090398366,0.99083886618999,0.590909090909091,0.772727272727273,0.443181818181819,0.431818181818181,0.97731209567586,0.559659090909091,1,4
"V404",0.972097378277153,0.958024691358025,0.968248023304203,0.964072686919129,NA,NA,NA,NA,0.965610694964628,NA,NA,3
"V408",0.990123456790124,0.998148148148148,0.99812734082397,0.992592592592593,NA,NA,NA,NA,0.994747884588709,NA,NA,3
"V437",0.855183460475458,0.869281516224061,0.872606007273888,0.86648080520462,0.477472894192002,0.485227272727273,0.348000683526999,0.445445526695527,0.865887947294506,0.43903659428545,0,10
"V439",0.947987695722259,0.954429172940296,0.960067920585162,0.948580489278164,0.651665725578769,0.411183261183261,0.572727272727273,0.632275132275132,0.95276631963147,0.566962847941109,0,7
"V441",0.987037037037037,0.99074074074074,0.991358024691358,0.988888888888889,NA,NA,NA,NA,0.989506172839506,NA,NA,3
"V444",0.97962962962963,0.981481481481482,0.982716049382716,0.97962962962963,NA,NA,NA,NA,0.980864197530864,NA,NA,3
"V445",0.934604956657884,0.932291352058794,0.939911108027036,0.934666699730764,0.696653318077803,0.686076604554865,0.512554112554112,0.497934312064747,0.935368529118619,0.598304586812882,0,7
"V446",0.964814814814815,0.968518518518519,0.960299625468165,0.968445692883895,NA,NA,NA,NA,0.965519662921348,NA,NA,3
"V449",0.999545454545455,0.998074565883555,0.995888472742405,0.99795672076571,0.734299516908212,0.804912478825522,0.559794372294372,0.728354978354979,0.997866303484281,0.706840336595771,3,5
"V451",1,1,1,1,NA,NA,NA,NA,1,NA,NA,3
"V457",0.982953599667083,0.982443820224719,0.980805243445693,0.980527418378542,0.193181818181818,0.159090909090909,0.12203557312253,0.181818181818181,0.981682520429009,0.16403162055336,0,4
"V458",0.975774541227854,0.979292874684511,0.973067540965642,0.982843956809474,0.69064558629776,0.73015873015873,0.671476671476672,0.601190476190476,0.97774472842187,0.67336786603091,1,6
"V46",0.939270356498821,0.959176029962547,0.94320987654321,0.937037037037037,NA,NA,NA,NA,0.944673325010404,NA,NA,3
"V462",0.985502580042971,0.98027385928248,0.978477332242864,0.976645525017618,0.549648268398269,0.783333333333333,0.418470418470418,0.64375,0.980224824146483,0.598800505050505,1,6
"V466",0.835276694409821,0.83264519452018,0.846469837234774,0.85036975841757,0.610701754385965,0.489645191409897,0.641900093370682,0.555074450832965,0.841190371145586,0.574330372499877,0,20
"V468",0.891039166594722,0.883422461827711,0.884202627741762,0.880201902527852,0.597460317460317,0.528143274853801,0.634004127966976,0.53615629984051,0.884716539673012,0.573941005030401,0,17
"V470",0.858688022305908,0.862320799679152,0.863171415822018,0.861594260581551,0.45847687400319,0.647055640437993,0.574285714285714,0.428057359307359,0.861443624597158,0.526968897008564,0,12
"V479",0.975147732001665,0.976424947035902,0.970228880565959,0.978377028714107,0.58201581027668,0.545454545454545,0.774703557312253,0.427371541501976,0.975044647079408,0.582386363636364,1,4
"V481",0.745508837420184,0.751137801043648,0.757808063909141,0.763811676922102,0.377098427887901,0.289439128123339,0.433770835287863,0.252227728411939,0.754566594823769,0.338134029927761,0,18
"V485",0.964155600953354,0.964749744637385,0.959180286006128,0.96865583503575,0.475649350649351,0.722222222222222,0.693181818181818,0.304347826086956,0.964185366658154,0.548850304285087,1,5
"V487",0.985101955888473,0.981481481481482,0.973866000832293,0.977694548481065,NA,NA,NA,NA,0.979535996670828,NA,NA,3
"V488",0.933794291484749,0.933680070263871,0.93550585542472,0.933431421558927,0.545279020178906,0.611174242424242,0.533008658008658,0.524350649350649,0.934102909683067,0.553453142490614,0,7
"V489",0.995033985296158,0.998148148148148,0.993799417394923,0.994423637120266,NA,NA,NA,NA,0.995351296989874,NA,NA,3
"V490",0.930034158544466,0.933449934824764,0.942998580346333,0.93152925003201,0.429199134199134,0.429448621553885,0.330454545454546,0.477575757575757,0.934502980936893,0.416669514695831,0,9
"V497",0.990423429047025,0.990007282563462,0.990144599080695,0.99295358784474,0.818181818181818,0.619565217391305,0.25,0.295454545454546,0.99088222463398,0.495800395256917,1,4
"V498",0.868783415072272,0.884479069082334,0.860993564126535,0.886856147592752,0.690244550770867,0.342984466513878,0.603130784801265,0.509307359307359,0.875278048968473,0.536416790348342,0,13
"V50",0.987858926342072,0.989976071577195,0.990901997503121,0.985314521620702,0.954545454545454,0.5,0.575098814229249,0.659090909090909,0.988512879260772,0.672183794466403,1,4
"V501",0.964076450365074,0.969215563878485,0.98081228956229,0.972729400749064,0.613636363636364,0.690711462450593,0.545454545454546,NA,0.971708426138728,0.616600790513834,NA,4
"V506",1,1,1,1,NA,NA,NA,NA,1,NA,NA,3
"V51",0.944015151515152,0.938401997503121,0.928182456588356,0.931104413957474,0.355244996549344,0.51010101010101,0.538537549407115,0.636363636363636,0.935426004891026,0.510061798105276,0,5
"V514",0.905022530351062,0.911047896796435,0.924134895770117,0.911538601735074,0.671915584415584,0.474621212121212,0.51969696969697,0.525352907961603,0.912935981163172,0.547896668548842,0,7
"V52",0.979044693185157,0.980659424569056,0.978030815784283,0.985007781647675,0.867619047619047,0.812886002886003,0.763246183640921,0.718086124401914,0.980685678796543,0.790459339636971,4,13
"V521",1,1,1,1,NA,NA,NA,NA,1,NA,NA,3
"V527",0.944444444444444,0.944444444444444,0.966611180468858,0.955555555555555,NA,NA,NA,NA,0.952763906228326,NA,NA,3
"V528",1,1,1,1,NA,NA,NA,NA,1,NA,NA,3
"V53",0.937852246718117,0.929963492603942,0.969275905118602,0.9388784852268,0.659090909090909,0.545454545454545,0.395256916996047,0.800395256916996,0.943992532416865,0.600049407114624,1,4
"V531",1,1,1,1,NA,NA,NA,NA,1,NA,NA,3
"V536",0.978683546608406,0.986021639617145,0.985206228956229,0.982103336738168,0.681818181818181,0.558794466403162,0.596590909090909,NA,0.983003687979987,0.612401185770751,NA,4
"V54",0.975906031775849,0.973525280898876,0.977946127946128,0.978960437710438,0.647186147186147,0.409090909090909,0.586266390614217,0.660110420979986,0.976584469582823,0.575663466967815,0,5
"V546",0.942366751591858,0.92276692526483,0.934328735880956,0.942833427851403,0.638386975343497,0.730808080808081,0.582828282828283,0.517784992784993,0.935573960147262,0.617452082941213,1,6
"V565",0.950617283950617,0.941781106949646,0.940387016229713,0.934852267998336,NA,NA,NA,NA,0.941909418782078,NA,NA,3
"V566",0.976454960296494,0.976337689173799,0.979748335740199,0.977176941832114,0.59018759018759,0.326839826839827,0.4675983436853,0.585350790513834,0.977429481760652,0.492494137806638,0,6
"V568",1,1,1,1,NA,NA,NA,NA,1,NA,NA,3
"V571",0.789968985301237,0.789666841997411,0.795642149448119,0.796229106700646,0.478002645502646,0.603293650793651,0.491898656898657,0.459306675436706,0.792876770861853,0.508125407157915,0,31
"V573",0.991795829442888,0.992478863371063,0.990912761830612,0.992826200247541,0.887205387205387,0.766559382646339,0.907013209902226,0.745021645021645,0.992003413723026,0.826449906193899,4,9
"V58",0.99130253849355,0.987037037037037,0.994444444444444,0.988826466916354,NA,NA,NA,NA,0.990402621722847,NA,NA,3
"V59",0.786708167662869,0.775738150361761,0.77261158410616,0.772598267502175,0.485746753246753,0.53943167943168,0.596020821283979,0.560664335664336,0.776914042408241,0.545465897406687,0,66
"V590",1,1,1,1,0.800865800865801,0.682720057720058,0.787408243929983,0.556818181818182,1,0.706953071083506,2,5
"V591",0.913080949948927,0.92988011328577,0.919999680796732,0.932606329340153,0.261363636363637,0.30050505050505,0.0780632411067193,0.273088023088023,0.923891768342896,0.228254987765857,0,5
"V599",0.992346810612896,0.992790712565538,0.994391354660495,0.995426483878769,0.809235209235209,0.890656565656566,0.774811782420478,0.896732954545455,0.993738840429425,0.842859127964427,4,7
"V60",0.932436026168356,0.930686555746797,0.924537966948297,0.931678667419771,0.600516917293233,0.497431457431457,0.642113095238095,0.490521758942811,0.929834804070805,0.557645807226399,0,11
"V617",0.998765432098765,0.993827160493827,1,0.997503121098627,NA,NA,NA,NA,0.997523928422805,NA,NA,3
"V618",0.991060606060606,0.991573033707865,0.995044369254341,0.989657814096016,0.5,0.159090909090909,0.136363636363636,NA,0.991833955779707,0.265151515151515,NA,4
"V620",0.901663203810357,0.886037231057279,0.913035975437663,0.915896730358675,0.596320346320346,0.475649350649351,0.477020202020202,0.546430924148315,0.904158285165993,0.523855205784554,0,7
"V625",0.826512309280836,0.84656537033418,0.837561928273047,0.836515201886446,0.265151515151515,0.249003623188406,0.275162337662338,0.201293054771315,0.836788702443627,0.247652632693393,0,8
"V626",0.798806890614204,0.80542191415652,0.80556921894606,0.796600529100529,0.472956455309396,0.436975772765246,0.401111111111111,0.405228758169935,0.801599638204328,0.429068024338922,0,15
"V627",0.915046278358948,0.915380343536097,0.91044055432277,0.918269756847827,0.259604978354979,0.19872325741891,0.2909843779409,0.308573310747224,0.914784233266411,0.264471481115503,0,6
"V630",0.932970401691332,0.936104495626315,0.928459413023307,0.931441494047985,0.632727272727273,0.589413875598086,0.662137681159421,0.64611801242236,0.932243951097235,0.632599210476785,0,8
"V636",0.969673325010404,0.977059925093633,0.97478152309613,0.970021847690387,0.772727272727272,0.532608695652174,0.590909090909091,0.977272727272728,0.972884155222638,0.718379446640316,2,4
"V637",0.992291879468846,0.993428243105209,0.981692096527068,0.984020684371808,0.372706098249577,0.412478825522304,0.9100790513834,0.613636363636364,0.987858225868233,0.577225084697911,1,5
"V639",0.755133732592668,0.765389191136834,0.769757878082687,0.757891252903501,0.471253132832081,0.546695906432749,0.492400114505378,0.477033358798065,0.762043013678922,0.496845628142068,0,29
"V64",0.902429335370512,0.903477058291908,0.910645571781238,0.901875153340317,0.684928229665072,0.612099567099567,0.641515151515152,0.581601731601731,0.904606779695994,0.63003616997038,0,9
"V640",1,1,1,1,0.636363636363636,0.802371541501976,0.681818181818181,0.795454545454545,1,0.729001976284585,2,4
"V641",0.970120682480233,0.976446109030379,0.97283950617284,0.960355111665973,NA,NA,NA,NA,0.969940352337356,NA,NA,3
"V642",0.998636363636364,0.998850574712644,0.997637651211847,0.999540229885057,0.891534391534392,0.821789321789322,1,0.76780303030303,0.998666204861478,0.870281685906686,4,6
"V643",0.772814023926901,0.79858395673267,0.823755136484031,0.790589120492576,0.397677404295051,0.32921978860194,0.157986111111111,0.367503607503607,0.796435559409044,0.313096727877927,0,14
"V644",0.993827160493827,0.998765432098765,0.995061728395062,0.996296296296296,NA,NA,NA,NA,0.995987654320988,NA,NA,3
"V646",0.848661165784293,0.857043662059871,0.846764936501223,0.841841902953014,0.527172096908939,0.470688083845979,0.639043062200957,0.562693947144075,0.8485779168246,0.549899297524987,0,15
"V649",0.966479400749064,0.975925925925926,0.974004716326814,0.95715771951727,NA,NA,NA,NA,0.968391940629768,NA,NA,3
"V668",0.968518518518519,0.953703703703704,0.951643778610071,0.955555555555555,NA,NA,NA,NA,0.957355389096962,NA,NA,3
"V680",0.776053805376722,0.788291198499843,0.792491054334191,0.781134279392986,0.536310473152578,0.577404295051354,0.508767507002801,0.571183473389356,0.784492584400935,0.548416437149022,0,33
"V683",0.999090909090909,0.997165474974464,0.996496424923391,0.994768258426966,0.426046176046176,0.622564935064935,0.475861095426312,0.847826086956522,0.996880266853933,0.593074573373486,1,5
"V687",0.884007916241062,0.883490523209624,0.858779685903984,0.849550987402111,0.262055335968379,0.277715038584604,0.241106719367589,0.431818181818182,0.868957278189195,0.303173818934689,0,5
"V69",0.902760604374528,0.908953793862022,0.905934838719649,0.906753982531083,0.748320802005013,0.582236842105263,0.726666666666667,0.783855661881978,0.90610080487182,0.71026999316473,3,18
"V695",1,1,0.998148148148148,1,NA,NA,NA,NA,0.999537037037037,NA,NA,3
"V696",0.958938919496257,0.958698995916318,0.954519711227045,0.951302853358754,0.429112554112554,0.290764790764791,0.365586297760211,0.47968897044984,0.955865119999593,0.391288153271849,0,7
"V699",0.999431818181818,0.996488764044944,0.997041245791246,0.999545454545455,0.772727272727272,0.545454545454546,0.744824016563147,0.691817240730284,0.998126820640866,0.688705768868812,2,5
"V709",0.950478568456096,0.936704119850187,0.932958801498127,0.930559023442919,NA,NA,NA,NA,0.937675128311832,NA,NA,3
"V71",0.994402829796088,0.993827160493827,0.996268553197392,0.991358024691358,NA,NA,NA,NA,0.993964142044666,NA,NA,3
"V715",0.942059925093633,0.934389305035372,0.944689970869746,0.90759467332501,0.199110671936759,0.100296442687747,0.100543478260869,0.0222332015810277,0.93218346858094,0.105545948616601,0,4
"V716",0.923594276094276,0.917367376953051,0.920024968789014,0.927195172700791,0.460227272727273,0.352272727272728,0.579298418972332,0.434782608695652,0.922045448634283,0.456645256916996,0,4
"V717",0.996296296296296,0.994444444444444,0.99625468164794,0.99130253849355,NA,NA,NA,NA,0.994574490220558,NA,NA,3
"V719",1,1,1,1,1,0.227272727272727,0.977272727272728,0.978260869565218,1,0.795701581027668,3,4
"V72",0.949415163280665,0.936205577368368,0.930191570881226,0.939570890006995,0.375854037267081,0.699534161490683,0.637012987012987,0.61038961038961,0.938845800384314,0.58069769904009,0,7
"V722",0.959092800665835,0.975308641975309,0.959009571369122,0.968310445276737,NA,NA,NA,NA,0.965430364821751,NA,NA,3
"V724",0.981756138160633,0.978547648772368,0.970326982370522,0.973327729542617,0.527173913043478,0.522727272727272,0.363636363636364,0.295454545454546,0.975989624711535,0.427248023715415,0,4
"V725",1,1,1,1,NA,NA,NA,NA,1,NA,NA,3
"V726",0.980579673135853,0.975798008171603,0.984705387205387,0.971352171136654,0.397727272727273,0.454545454545454,0.387210615471485,0.0714285714285714,0.978108809912374,0.327727978543196,0,5
"V731",0.997893258426966,1,0.99812734082397,0.998595505617977,0.363636363636363,0.704545454545454,0.704545454545454,0.5,0.998654026217228,0.568181818181818,2,4
"V733",0.996519975031211,0.996296296296296,0.998587525536262,0.997012068248023,0.909090909090909,0.784090909090909,0.772727272727272,0.899703557312253,0.997103966277948,0.841403162055336,4,4
"V74",0.964869528619529,0.956695607763023,0.964958170103462,0.97266835016835,0.492753623188406,0.375,0.4375,0.273464458247067,0.964797914163591,0.394679520358868,0,5
"V741",0.948595505617978,0.958307324178111,0.947138520031779,0.951693964457307,0.279644268774703,0.375,0.170454545454545,0.431818181818182,0.951433828571294,0.314229249011858,0,4
"V752",0.930526399211017,0.942731117842509,0.958666250520183,0.945029417251424,0.386363636363636,0.352272727272728,0.414502164502164,0.541125541125541,0.944238296206283,0.423566017316017,0,5
"V754",1,1,1,0.998765432098765,NA,NA,NA,NA,0.999691358024691,NA,NA,3
"V762",0.937822235209848,0.941076003340025,0.938833941975128,0.933329713908035,0.590313852813853,0.517201910408432,0.614746847355543,0.568624459699975,0.937765473608259,0.572721767569451,0,8
"V764",0.841461613069,0.834922173003568,0.820813188664333,0.845475751397661,0.352900432900433,0.335454545454545,0.454625199362041,0.257711038961039,0.83566818153364,0.350172804169515,0,10
"V766",0.981954451144507,0.981768851303735,0.98780162143835,0.978898435610545,0.796717171717172,0.585930405724456,0.671550912855261,0.693181818181818,0.982605839874284,0.686845077119677,1,7
"V77",0.989202712991337,0.993445692883895,0.984944245829077,0.99250936329588,0.931818181818182,0.167490118577076,NA,0.50691699604743,0.990025503750047,0.535408432147563,NA,4
"V771",0.997530864197531,0.994444444444444,0.992550977944237,0.996296296296296,NA,NA,NA,NA,0.995205645720627,NA,NA,3
"V776",0.988888888888889,0.985122763212651,0.979525593008739,0.983250104036621,NA,NA,NA,NA,0.984196837286725,NA,NA,3
"V791",1,1,1,1,NA,NA,NA,NA,1,NA,NA,3
"V802",0.987016229712859,0.99250936329588,0.981384380635317,0.97962962962963,NA,NA,NA,NA,0.985134900818421,NA,NA,3
"V804",0.9749531835206,0.981070536828964,0.974461090303787,0.981525165039912,0.58695652173913,0.618577075098814,0.682806324110672,0.5,0.978002493923316,0.597084980237154,0,4
"V805",0.985185185185185,0.990740740740741,0.987640449438202,0.992592592592592,NA,NA,NA,NA,0.98903974198918,NA,NA,3
"V812",0.877777777777778,0.881481481481482,0.87283950617284,0.903703703703704,NA,NA,NA,NA,0.883950617283951,NA,NA,3
"V818",0.981273408239701,0.974485018726592,0.976472118185601,0.963014981273409,0.526679841897233,0.12302371541502,0.639328063241106,0.826086956521739,0.973811381606326,0.528779644268775,1,4
"V82",0.918213344430573,0.893827160493827,0.916666666666667,0.91358024691358,NA,NA,NA,NA,0.910571854626162,NA,NA,3
"V835",0.90169623059867,0.905402420971363,0.901543822654833,0.901506968444801,0.602392344497608,0.73375104427736,0.653759230965113,0.750541125541126,0.902537360667417,0.685110936320302,2,12
"V84",0.973163753641281,0.970505617977528,0.966703079483978,0.97936329588015,0.694664031620553,0.956521739130435,0.613636363636364,0.45899209486166,0.972433936745734,0.680953557312253,1,4
"V85",0.922893778610071,0.920703524004086,0.91236380660538,0.91659461723003,0.350931677018633,0.253754940711462,0.261363636363636,0.377344877344877,0.918138931612392,0.310848782859652,0,5
"V852",0.96649896258958,0.968589376408141,0.958714970763888,0.970810510882684,0.795454545454546,0.609713203463203,0.575882269904009,0.611217767739507,0.966153455161073,0.648066946640316,1,7
"V854",0.903805323251995,0.908996806323803,0.903200859552102,0.909854507961966,0.555844155844156,0.60814393939394,0.575865800865801,0.507936507936508,0.906464374272467,0.561947601010101,0,8
"V856",0.89446907079317,0.909085819434657,0.910662181677292,0.896668740876412,0.314935064935065,0.200757575757576,0.372953133822699,0.368059476755129,0.902721453195383,0.314176312817617,0,6
"V857",0.994189554723263,0.997445900957137,0.996488764044944,0.9958177278402,0.647727272727273,0.59090909090909,0.280632411067193,0.804347826086957,0.995985486891386,0.580904150197628,1,4
"V858",0.94778981292324,0.925795880149813,0.935171885048992,0.965214315439035,0.386363636363636,0.91304347826087,0.659090909090909,0.382905138339921,0.94349297339027,0.585350790513834,1,4
"V860",0.950420071501532,0.94780303030303,0.954397676885085,0.95,0.717920666290232,0.721014492753623,0.557720057720058,0.547619047619048,0.950655194672412,0.63606856609574,2,5
"V863",0.911303735024665,0.89497364900615,0.922287147080584,0.915488893912404,0.558030303030303,0.644930359495577,0.433042834358624,0.371442687747036,0.911013356255951,0.501861546157885,0,8
"V869",0.996296296296296,0.997530864197531,0.995061728395062,0.992592592592593,NA,NA,NA,NA,0.99537037037037,NA,NA,3
"V87",0.951447811447811,0.953209115564792,0.951438453081858,0.948810514090929,0.664179841897233,0.494107744107744,0.445959595959596,0.567640692640693,0.951226473546347,0.542971968651316,0,6
"V872",0.932119429734457,0.944697352692807,0.951098208219498,0.938988990945215,0.772619047619048,0.666925837320574,0.613975155279503,0.573520923520923,0.941725995397994,0.656760240935012,1,10
"V874",0.928501683501684,0.935662985188968,0.941667168912423,0.94119277985851,0.301948051948052,0.66106719367589,0.512445887445887,0.534361471861472,0.936756154365396,0.502455651232825,0,5
"V877",0.955436308063197,0.960330268981954,0.950106776143196,0.956905962717058,0.683982683982684,0.676136363636364,0.685425685425685,0.353754940711463,0.955694828976351,0.599824918439049,0,5
"V880",1,1,1,0.998751560549313,NA,NA,NA,NA,0.999687890137328,NA,NA,3
"V885",0.992592592592592,0.996296296296296,0.983333333333334,0.99074074074074,NA,NA,NA,NA,0.990740740740741,NA,NA,3
"V888",0.823520935092707,0.815231898547857,0.845161794471103,0.829459498004408,0.397186147186147,0.364177489177489,0.348381328816112,0.359415584415585,0.828343531529019,0.367290137398833,0,7
"V89",0.982952890326486,0.961493445692884,0.972258635039534,0.980303739643627,0.386363636363636,NA,0.511363636363636,0.568181818181818,0.974252177675633,0.488636363636363,NA,4
"V894",0.994402829796088,0.995061728395062,0.994423637120266,0.996275488972118,NA,NA,NA,NA,0.995040921070883,NA,NA,3
"V90",0.995555555555556,0.985955056179775,0.990583503575077,0.99207240948814,0.606719367588933,NA,NA,0.804347826086957,0.991041631199637,0.705533596837945,NA,4
"V92",0.960721414063142,0.972937946884576,0.956441521961185,0.976605966679582,0.181818181818182,0.28102766798419,0.652173913043478,0.323863636363636,0.966676712397121,0.359720849802372,0,5
"V930",0.891143882646692,0.940955387205387,0.934909488139825,0.917483354140658,0.5,0.346590909090909,0.215909090909091,0.227272727272727,0.921123028033141,0.322443181818182,0,4
"V934",0.913515641540489,0.917025773153421,0.92667403823331,0.920441571442798,0.581144684834616,0.646158008658009,0.573138528138528,0.673755411255411,0.919414256092504,0.618549158221641,0,9
"V936",0.988861145789985,0.990740740740741,0.986995422388681,0.992592592592592,NA,NA,NA,NA,0.989797475378,NA,NA,3
"V938",0.754467338507545,0.776865902892679,0.776292835225192,0.769229428252579,0.266951469583048,0.263969013442698,0.265237500866791,0.34463441211725,0.769213876219499,0.285198099002447,0,12
"V943",0.883203482520752,0.900593446497973,0.877482093227024,0.885911225358599,0.595238095238095,0.569900687547746,0.577229437229437,0.447249183564973,0.886797561901087,0.547404350895063,0,12
"V944",0.992677477017365,0.991187436159346,0.994866624399751,0.994886363636364,0.931818181818182,0.85055524185959,0.664141414141414,0.397727272727273,0.993404475303206,0.711060527636615,2,5
"V945",0.991358024691358,0.988861145789985,0.998148148148148,0.988888888888889,NA,NA,NA,NA,0.991814051879595,NA,NA,3
"V947",1,1,1,1,NA,NA,NA,NA,1,NA,NA,3
"V951",1,1,1,1,NA,NA,NA,NA,1,NA,NA,3
"V953",0.851075836790563,0.851286208582271,0.853634513634513,0.845378652684148,0.565714285714286,0.645639097744361,0.58788961038961,0.604444444444445,0.850343802922874,0.600921859573175,0,16
"V955",0.895090560780216,0.885044439989308,0.906861009957621,0.899365722184172,0.545670995670996,0.431547619047619,0.243939393939394,0.453705533596838,0.896590433227829,0.418715885563712,0,7
"V960",0.916996103702931,0.91555762894451,0.911810412813123,0.910589111805685,0.704019138755981,0.764944178628389,0.741854636591479,0.763452380952381,0.913738314316562,0.743567583732058,4,13
"V964",1,1,1,1,NA,NA,NA,NA,1,NA,NA,3
"V979",0.99442760942761,0.996256384065373,0.993234593122233,0.99276557711951,0.59766139657444,0.508658008658009,0.649350649350649,0.828863165819687,0.994171040933681,0.646133305100696,1,5
"V980",0.983910736579276,0.980778193924261,0.982197253433209,0.982729920932168,0.759881422924902,0.666254940711463,0.639328063241107,0.596837944664032,0.982404026217228,0.665575592885376,1,4
"V988",0.970259397974754,0.975267027326952,0.972742405326675,0.973886808156472,NA,NA,NA,NA,0.973038909696213,NA,NA,3
"V989",0.987921348314607,0.986350395339159,0.990123456790123,0.991330281592454,NA,NA,NA,NA,0.988931370509086,NA,NA,3
"V993",0.784881643624113,0.782936498680967,0.793347902205747,0.795994162350291,0.670168888129415,0.547712487741092,0.470516145436054,0.411948521035208,0.78929005171528,0.525086510585442,0,17
