,rad_can_30
1,16.2266947
2,15.52996595
3,13.57638028
4,17.06382194
5,16.56275132
6,16.6279517
7,15.77948797
8,17.09460531
9,15.93350584
10,16.73159764
11,15.86064875
12,15.07484577
13,12.70300977
14,16.48196751
15,15.41809747
16,14.93450638
17,13.6815746
18,14.97616601
19,15.88673831
20,15.98318541
21,13.08261576
22,15.58504751
23,17.30751209
24,16.15670383
25,18.00215463
26,16.55066412
27,16.05974431
28,14.65348533
29,12.37357305
30,17.36499862
31,16.30953924
32,14.61943633
33,14.42930197
34,13.64030064
35,15.86064879
36,16.85654189
37,15.60449908
38,18.29128289
39,17.59662851
40,17.83643138
41,16.6265108
42,14.54047535
43,16.57441512
44,15.47732309
45,14.53709883
46,15.99284911
47,14.58149385
48,15.07785739
49,20.17625166
50,15.40391764
51,16.37417683
52,17.93938098
53,22.35544477
54,22.194211
55,21.08667423
56,15.298671
57,13.70170618
58,13.71825249
59,14.55405269
60,15.25230291
61,15.28243246
62,13.81803243
63,17.08974828
64,16.54713705
65,13.2728884
66,12.90059276
67,13.32513818
68,15.48144632
69,14.62371209
70,12.95871302
71,14.38872921
72,13.52051258
73,14.93757663
74,14.41644543
75,15.37918931
76,15.78471428
77,14.61070695
78,14.74432744
79,13.24247963
80,14.41025797
81,11.77057206
82,11.68147323
83,13.9090357
84,15.12903605
85,15.49553268
86,17.56395824
87,14.28726896
88,16.13109351
89,16.53825645
90,16.35426402
91,14.59661219
92,14.053481
93,13.70571583
94,13.34959185
95,17.94815776
96,15.29319699
97,18.17253282
98,17.40121141
99,17.47161611
100,18.36142963
101,14.82614591
102,14.64124867
103,14.99294879
104,16.59684234
105,16.22902252
106,15.25903647
107,13.400815
108,14.14259978
109,15.81621695
110,15.27749484
111,14.11061298
112,15.09263528
113,15.73310127
114,18.31006183
115,16.80157044
116,14.92531815
117,14.77552704
118,13.9986828
119,14.93746142
120,12.74950334
121,17.91686775
122,16.0330559
123,13.93313301
124,16.41854241
125,13.56341126
126,16.94772154
127,15.55610481
128,15.9669335
129,16.7689972
130,16.22637412
131,17.77927377
132,18.55337041
133,14.91885988
134,17.04180997
135,17.24022543
136,17.04784486
137,16.91535077
138,15.24675149
139,18.47699199
140,14.36117486
141,14.5397139
142,13.96239082
143,16.57597889
144,16.59122475
145,15.55546787
146,15.48518944
147,16.65228388
148,17.09242753
149,19.08689348
150,16.10932011
151,16.85040758
152,17.20879384
153,16.29159957
154,14.21140709
155,14.75406649
156,16.82357316
157,15.42604732
158,14.29696652
159,14.48707003
160,13.78668871
161,14.7592944
162,16.87368353
163,15.04580683
164,15.60718141
165,15.79437349
166,13.88027486
167,15.64987026
168,15.30796458
169,15.2182768
170,13.68255473
171,15.37467528
172,14.01471395
173,16.44723745
174,16.30629908
175,16.77601837
176,18.73853058
177,17.68890315
178,15.72317561
179,16.85883197
180,16.47809319
181,16.31719092
182,13.15475149
183,14.58726547
184,17.69299193
185,14.31117557
186,13.7140891
187,15.00449552
188,14.7149095
189,16.11020716
190,17.21523484
191,13.5311738
192,15.34813864
193,13.96296965
194,14.72142856
195,14.28472875
196,11.59393696
197,13.73341948
198,15.21238127
199,15.08570369
200,13.9935757
201,14.50421849
202,13.93971599
203,12.76711076
204,13.89983916
205,14.79573475
206,11.98637253
207,14.46466543
208,15.06422534
209,11.80048938
210,17.14104773
211,16.05854944
212,12.74850394
213,14.33844388
214,16.51874799
215,13.93615862
216,17.28293572
217,12.76248874
218,12.26277187
219,13.1572213
220,14.66996985
221,16.36069944
222,15.88347431
223,13.99299418
224,16.62323514
225,15.82553704
226,15.29249885
227,13.53289454
228,18.40088455
229,15.57815074
230,13.73219908
231,16.03164577
232,18.11505488
233,15.81053067
234,16.00195734
235,14.20798294
236,15.08194858
237,15.59204096
238,16.57683512
239,14.62816726
240,15.20480275
241,15.84444068
242,16.14392932
243,16.48223572
244,13.26930044
245,14.06760406
246,13.61265848
247,18.52927205
248,12.37834581
249,13.16921643
250,15.00672105
251,15.42384196
252,15.73049754
253,13.15568417
254,15.55373352
255,14.78916277
256,14.37722137
257,16.22610102
258,16.38607393
259,14.95900509
260,14.10699832
261,13.98594086
262,16.64794804
263,14.70743649
264,13.52310786
265,13.14590678
266,15.10163006
267,15.07445162
268,18.14560775
269,15.63858233
270,16.28941084
271,13.61979349
272,15.92847063
273,18.46274074
274,16.7804142
275,17.16021931
276,17.46915949
277,16.42208098
278,17.67066466
279,16.99920611
280,14.00330058
281,14.1936444
282,15.11386003
283,14.84625159
284,16.34515496
285,13.55469434
286,14.11198766
287,15.30471292
288,13.18572708
289,12.76997134
290,15.30247557
291,16.67515059
292,14.61419989
293,16.39692136
294,16.43955564
295,16.97694073
296,16.41672127
297,17.67341343
298,14.95143314
299,14.07090019
300,15.07496982
301,15.57775845
302,14.41637832
303,15.35918519
304,15.71191753
305,17.24144757
306,15.13925632
307,15.75449535
308,17.34977191
309,14.96650967
310,15.35255879
311,13.69510065
312,14.62491181
313,14.64081076
314,16.90068375
315,17.84460846
316,19.24671248
317,18.76434142
318,18.23297292
319,18.29776128
320,17.6488337
321,14.47669252
322,15.73269704
323,17.94818475
324,15.97627616
325,14.01310807
326,14.45483331
327,16.74191687
328,19.31780538
329,16.64860843
330,16.31133082
331,14.25026364
332,16.87959249
333,17.92041995
334,17.0428186
335,15.56576375
336,17.55454536
337,17.83113131
338,16.96038363
339,18.22683767
340,17.34204085
341,16.15521806
342,18.30223034
343,14.66672432
344,16.0177684
345,15.52963597
346,13.14451006
347,16.39696162
348,14.81685353
349,14.49489515
350,14.79502931
351,15.02669167
352,14.08862537
353,16.79054699
354,16.4032927
355,14.15642786
356,13.93605179
357,15.2771272
358,16.1167045
359,17.4747071
360,15.10595395
361,14.12876155
362,14.86746367
363,12.60381415
364,13.63021134
365,14.84221706
366,17.03354985
367,16.65762184
368,14.28022531
369,13.13737999
370,14.35046549
371,16.57988956
372,14.09555183
373,14.76329888
374,13.83491064
375,16.87356498
376,15.5679071
377,15.4391556
378,17.73263672
379,16.18313803
380,15.34213787
381,15.88546802
382,15.5567838
383,14.41951719
384,16.38722161
385,17.73157975
386,14.19858497
387,12.79967578
388,16.21254424
389,15.28072079
390,15.54682669
391,17.11429014
392,16.65952019
393,15.5341107
394,12.46227351
395,17.42815214
396,15.19302339
397,14.39756861
398,13.92447517
399,15.07652675
400,15.40312683
401,16.86439367
402,12.11064037
403,14.65508499
404,17.43457808
405,16.94679611
406,15.28962919
407,17.49050128
408,12.23009226
409,13.94133962
410,14.20794546
411,16.10625363
412,17.52088892
413,19.50814696
414,17.06763625
415,14.1876224
416,13.51401088
417,13.02877606
418,14.63215139
419,15.38613489
420,14.7038132
421,14.15065982
422,16.49546125
423,12.50320619
424,13.68640651
425,15.75344356
426,15.4368056
427,16.40900076
428,18.15121178
429,14.9161479
430,13.19720352
431,14.25490704
432,13.61786902
433,13.13766938
434,15.8851506
435,15.04694561
436,15.18143517
437,17.25456519
438,14.79978236
439,15.46665485
440,15.18877718
441,16.26490652
442,17.02896696
443,15.46969509
444,17.03379499
445,15.38847485
446,16.17522291
447,15.46436707
448,13.69694868
449,16.77010797
450,16.05214179
451,14.9250036
452,16.60279526
453,17.13864264
454,16.64720328
455,15.82066732
456,14.58827685
457,15.46192857
458,17.26600418
459,16.22445942
460,18.41590845
461,16.78861356
462,16.05977665
463,15.87130052
464,15.36233067
465,16.38336319
466,14.92153817
467,14.84111839
468,16.59483696
469,17.84500533
470,18.54234559
471,16.0951746
472,17.3123411
473,17.78364982
474,16.14520325
475,16.4305319
476,17.59517583
477,15.79977486
478,15.2778158
479,16.27929034
480,16.95444694
481,15.43709119
482,14.12443737
483,16.90835001
484,15.77735338
485,17.0066208
486,15.62954974
487,14.23433487
488,16.54335405
489,16.26714221
490,15.10037765
491,16.93509059
492,14.94938567
493,14.97487848
494,14.99688624
495,15.48032086
496,16.16121066
497,15.16074828
498,17.27481202
499,17.05392148
500,14.43434339
501,16.49837199
502,15.80034857
503,17.90375372
504,13.30708499
505,12.4015816
506,17.55363747
507,17.89837991
508,16.28342476
509,17.63046212
510,17.7809219
511,16.26675728
512,20.0955048
513,17.42121389
514,16.42964461
515,13.41951413
516,15.65235129
517,14.71711729
518,17.92329503
519,13.70070631
520,16.21942909
521,19.28251574
522,16.41921624
523,16.47388413
524,17.72198906
525,16.17789392
526,14.42159961
527,14.44590678
528,13.77470663
529,14.52208364
530,14.30343739
531,15.6492784
532,16.87384324
533,15.9686059
534,14.53276801
535,12.99319552
536,17.18292082
537,13.08677849
538,12.7656494
539,17.08839382
540,19.16538473
541,20.06920722
542,16.80571831
543,12.0302141
544,16.19964774
545,17.3618851
546,16.49706444
547,12.48571528
548,16.12029063
549,18.41628276
550,18.11557731
551,14.07930274
552,13.68835157
553,16.39745293
554,15.70776117
555,18.07755905
556,19.50484583
557,16.95551
558,15.0913246
559,18.75647253
560,18.85127948
561,16.91262032
562,17.90081569
563,16.03951092
564,15.37368789
565,18.07354474
566,13.65275927
567,15.17715044
568,13.80560744
569,17.09222718
570,16.66764222
571,15.97905585
572,15.39898018
573,16.46315872
574,15.80634493
575,12.81625759
576,14.33715668
577,14.94317072
578,13.97777932
579,15.5959329
580,12.70574247
581,15.93069128
582,16.33382522
583,15.35245584
584,14.04485597
585,14.17653487
586,13.98090828
587,15.04007832
588,13.63877433
589,13.13517593
590,14.62712419
591,15.05174709
592,13.43299936
593,14.56989273
594,14.33829729
595,17.32991445
596,14.09145532
597,15.09951448
598,16.8966502
599,15.69751629
600,13.73477228
601,14.56473631
602,17.15942839
603,18.86759383
604,13.62243061
605,14.68428952
606,16.61302772
607,18.39369664
608,17.27862289
609,19.47087073
610,20.48679847
611,17.78625176
612,15.06975946
613,16.91402209
614,18.56376803
615,15.60195205
616,13.78653332
617,14.96949197
618,15.7632199
619,14.83050183
620,18.45743491
621,16.32049777
622,16.79487394
623,15.49138554
624,16.61912155
625,13.79977762
626,17.07645633
627,17.17853416
628,17.09488341
629,16.47729899
630,17.4386602
631,15.86372704
632,16.77658175
633,14.75090851
634,12.45282916
635,15.2008191
636,17.47055643
637,19.67290917
638,17.60472217
639,16.83037866
640,14.91706573
641,15.11763803
642,16.19369571
643,17.8450747
644,17.64485314
645,16.09129196
646,15.64617183
647,17.75432031
648,18.28095452
649,17.48446023
650,18.52842153
651,20.5291291
652,18.02846069
653,14.83542203
654,15.19498968
655,15.07883069
656,15.97529792
657,16.28773537
658,14.7056225
659,15.427805
660,15.22980235
661,15.48566259
662,18.08324287
663,21.56344358
664,19.40983991
665,15.24526577
666,12.40147705
667,14.48734193
668,15.72731399
669,16.77602702
670,17.56761527
671,17.18756024
672,15.68764383
673,13.68427501
674,12.95731637
675,12.91838118
676,15.9622233
677,14.42865519
678,12.78223561
679,12.45709866
680,12.98086022
681,15.28549743
682,15.12580884
683,16.34869478
684,13.35522138
685,15.52516972
686,17.01764267
687,16.28731604
688,13.55658927
689,13.87506415
690,16.08909954
691,15.86074204
692,14.50942162
693,13.42216418
694,16.67018747
695,15.06404716
696,14.59164574
697,17.46593974
698,14.31943314
699,20.38279537
700,13.68944264
701,19.63033929
702,13.48907948
703,15.674866
704,17.9012169
705,18.98149733
706,17.11815037
707,18.2690205
708,17.63446891
709,18.30058983
710,16.65115338
711,16.04938063
712,13.93530287
713,12.72763992
714,18.21127973
715,13.33386457
716,13.34474986
717,14.88222077
718,16.51161462
719,14.2193307
720,14.86809931
721,15.14626543
722,14.94088374
723,14.56817385
724,14.23770021
725,14.72267821
726,17.63402522
727,17.44190628
728,17.55031297
729,15.37932583
730,12.28979475
731,14.87328568
732,16.46510099
733,14.69307879
734,12.51709798
735,13.1247275
736,17.46606554
737,19.19157128
738,20.09932854
739,15.87804931
740,17.95515113
741,15.93699653
742,17.49047097
743,16.28471706
744,16.68366965
745,13.69756418
746,19.14787449
747,18.45725712
748,14.11796533
749,14.22420356
750,12.79890988
751,14.69229227
752,16.32726939
753,20.29172541
754,15.69072946
755,19.26378136
756,19.43538683
757,14.37779651
758,20.42078719
759,15.3610865
760,13.91470667
761,13.57853192
762,13.43452584
763,12.66929013
764,14.92624596
765,14.70701792
766,18.31803227
767,17.75400859
768,17.25112594
769,15.08445842
770,14.82354522
771,15.30866167
772,15.07231606
773,15.07426891
774,14.91227446
775,14.85826455
776,14.65304068
777,16.08818485
778,14.83717003
779,18.52517632
780,18.67825163
781,15.52389545
782,18.51924027
783,14.85791818
784,15.71069571
785,14.899563
786,13.84910196
787,12.67784287
788,14.5410742
789,15.18188768
790,15.41693571
791,16.6144595
792,16.52422491
793,17.48800724
794,14.97973774
795,17.03807889
796,16.08390842
797,13.65437289
798,13.93077767
799,15.88977084
800,16.00514877
801,16.44263827
802,15.72936081
803,15.26701277
804,16.88961179
805,16.85163008
806,15.69073771
807,15.49413695
808,19.56141767
809,17.3996773
810,14.08947911
811,15.72907123
812,16.08244529
813,15.48696735
814,11.55378754
815,15.54883612
816,14.7779654
817,16.2352203
818,20.89452365
819,15.30973449
820,16.04381472
821,16.0724966
822,16.62638274
823,16.00448573
824,13.67597492
825,14.50490269
826,13.36735844
827,12.63289816
828,16.50931891
829,14.40822576
830,15.76055905
831,16.10761205
832,17.04724201
833,15.76035517
834,15.66717333
835,16.88935989
836,19.84798652
837,14.7197516
838,16.06452932
839,15.03243615
840,16.52710831
841,16.68986755
842,16.86828846
843,16.51741895
844,18.40030153
845,19.24232526
846,19.9000425
847,15.2932816
848,14.43284203
849,15.25174566
850,16.38845309
851,15.1090922
852,15.24820769
853,15.66041465
854,15.74872641
855,16.02688373
856,16.98866602
857,19.4784438
858,16.72465982
859,12.21579302
860,11.40294148
861,15.44262511
862,13.50379014
863,12.62054391
864,14.20059654
865,15.44340612
866,14.55016493
867,13.0023817
868,12.70542417
869,14.30899735
870,14.16790579
871,14.15442804
872,13.8545407
873,14.29659198
874,12.37757699
875,11.65553108
876,16.55712169
877,19.3629366
878,17.42912296
879,16.44159461
880,16.61114492
881,12.16408558
882,14.7484392
883,18.46386036
884,15.36773754
885,14.21366172
886,13.6672734
887,16.00611436
888,16.50663887
889,17.79569333
890,17.31800161
891,16.48954982
892,15.84055975
893,15.24759935
894,16.4117151
895,16.08651873
896,13.77512503
897,16.77522198
898,15.78039617
899,14.46553383
900,15.17251291
901,13.55793213
902,12.5784292
903,14.52279446
904,15.58153343
905,14.4497335
906,14.47192477
907,14.99146929
908,16.05020594
909,15.7325837
910,14.17041427
911,16.54537192
912,17.82444637
913,12.99125863
914,16.43011592
915,12.23978266
916,15.05968776
917,15.33698213
918,16.45866194
919,16.11868446
920,17.0177579
921,18.71303559
922,13.54705731
923,13.59876591
924,11.34667214
925,12.11204316
926,13.29739228
927,16.5387967
928,16.6958226
929,14.27754546
930,12.28610289
931,13.44697297
932,11.75946286
933,13.66727928
934,15.96073507
935,18.59713444
936,15.54166065
937,16.58733656
938,17.72728896
939,17.27892119
940,17.42320905
941,16.63989803
942,15.83945485
943,13.78787491
944,13.91896985
945,15.17322156
946,13.58880481
947,17.34109951
948,22.85661277
949,23.9489958
950,18.9733366
951,16.62806506
952,16.31492472
953,13.14816887
954,13.22826336
955,14.24957358
956,14.11657281
957,14.0604192
958,14.73100029
959,18.70029411
960,17.85968196
961,14.86713605
962,13.89737481
963,13.00957847
964,13.89540457
965,13.33829993
966,11.21454544
967,13.81627745
968,12.65867122
969,15.92420909
970,15.64724865
971,14.18889113
972,16.95382769
973,16.0421034
974,15.27854673
975,15.32494637
976,16.43529539
977,18.7767185
978,14.39105202
979,14.81221125
980,15.30709026
981,10.74601124
982,15.63146913
983,14.16335124
984,13.14992673
985,18.90607789
986,18.62904602
987,20.01651347
988,20.17426279
989,16.80555576
990,14.39403895
991,16.85962666
992,17.60830886
993,15.60695469
994,14.04119852
995,19.7727426
996,14.73087501
997,14.1240489
998,11.17940699
999,12.97134895
1000,13.55080632
1001,12.42780813
1002,11.40423521
1003,10.54898279
1004,12.4082925
1005,12.88970616
1006,12.60690687
1007,15.3359033
1008,12.78101864
1009,14.79500604
1010,14.21785613
1011,17.27854812
1012,19.73420867
1013,12.93296838
1014,14.3422878
1015,13.31069933
1016,12.69620135
1017,14.33793088
1018,15.33756912
1019,15.14895342
1020,17.11771247
1021,18.09181281
1022,16.88782194
1023,14.20961674
1024,13.39147195
1025,12.57181227
1026,13.6902637
1027,17.77354099
1028,18.71202555
1029,15.2933341
1030,17.44090118
1031,14.52270731
1032,13.29372093
1033,15.45972919
1034,13.5699993
1035,13.68925276
1036,14.61050695
1037,12.68038782
1038,17.6493248
1039,17.8830784
1040,15.94244513
1041,15.7245831
1042,16.56835214
1043,13.359662
1044,15.71901007
1045,17.10276011
1046,13.84397293
1047,14.38484292
1048,14.82966043
1049,15.72129283
1050,16.2379401
1051,17.06848713
1052,16.44524257
1053,14.65141684
1054,15.44876657
1055,15.21049558
1056,16.52284357
1057,15.46627377
1058,15.64937265
1059,17.41011382
1060,14.86528622
1061,17.94264048
1062,16.60722829
1063,14.18336758
1064,15.54182169
1065,16.1558216
1066,14.51258596
1067,16.74711223
1068,14.03989342
1069,12.33181328
1070,14.75000218
1071,14.65800058
1072,14.59386967
1073,15.56710539
1074,16.47331496
1075,15.40287198
1076,16.08713549
1077,17.07298141
1078,18.93660131
1079,17.78097654
1080,16.92837713
1081,13.39419657
1082,14.78863254
1083,16.69321345
1084,17.64617085
1085,17.95804324
1086,15.67381977
1087,18.75430818
1088,19.84890229
1089,19.88508482
1090,16.67212882
1091,13.61388976
1092,16.35204962
1093,12.59406707
1094,14.07149937
1095,18.79834521
1096,19.85248981
1097,18.65817144
1098,18.15535567
1099,15.56978955
1100,16.13037451
1101,14.94958195
1102,16.66113044
1103,13.95363435
1104,13.31138978
1105,15.22003285
1106,17.16814665
1107,14.20509006
1108,15.65580127
1109,15.6368501
1110,15.02793812
1111,15.1107865
1112,19.49284487
1113,16.49639043
1114,16.40574172
1115,18.69641796
1116,16.65570061
1117,11.7407043
1118,18.12520022
1119,22.45863202
1120,18.98673043
1121,19.85124814
1122,22.81560448
1123,14.39593108
1124,17.3712738
1125,15.58556919
1126,14.99186405
1127,15.11224693
1128,18.605845
1129,18.2967041
1130,18.5245944
1131,14.29582724
1132,15.60594287
1133,13.81570249
1134,14.6486534
1135,15.40290938
1136,13.86091866
1137,13.85550326
1138,16.89812615
1139,17.8657232
1140,15.77801513
1141,15.78692244
1142,16.28342842
1143,15.16944512
1144,16.29434901
1145,16.54018265
1146,16.82299838
1147,16.1626534
1148,15.13921602
1149,17.03842206
1150,14.09235162
1151,18.04024321
1152,13.81587488
1153,16.559587
1154,14.12319952
1155,14.84266427
1156,17.41761588
1157,13.29071351
1158,14.44254054
1159,18.15577787
1160,14.99438191
1161,15.22822492
1162,14.90402674
1163,15.73549899
1164,16.73808051
1165,15.42227187
1166,17.26116721
1167,17.4946457
1168,16.59980881
1169,14.42272858
1170,19.96073824
1171,20.3998193
1172,18.519597
1173,14.16487415
1174,16.78066742
1175,17.12786365
1176,15.76393184
1177,15.62377707
1178,17.12542417
1179,19.01831486
1180,13.4436494
1181,16.73243147
1182,15.54846927
1183,14.30582261
1184,17.12519506
1185,16.08689728
1186,16.92078977
1187,13.03654298
1188,11.7058588
1189,14.42769038
1190,16.4381092
1191,14.27885942
1192,13.93823012
1193,14.30605061
1194,17.81247675
1195,16.87093949
1196,12.73662464
1197,11.30649699
1198,13.66124469
1199,12.67040706
1200,12.72291309
1201,12.76129083
1202,12.68114918
1203,13.57032575
1204,14.99812063
1205,13.83867958
1206,15.26902361
1207,16.69038221
1208,18.73581173
1209,20.6058133
1210,14.92737259
1211,16.94459504
1212,15.01958598
1213,13.663024
1214,14.56892237
1215,14.88603768
1216,12.62866517
1217,14.50731945
1218,14.83038896
1219,15.15340122
1220,13.84150674
1221,14.43330284
1222,14.46050192
1223,20.03070516
1224,20.64623086
1225,17.87677558
1226,18.88107256
1227,16.0657871
1228,16.45409525
1229,16.64424866
1230,16.83597046
1231,15.56628187
1232,15.19541049
1233,15.53650787
1234,16.7245405
1235,16.03866348
1236,13.90337527
1237,14.48249202
1238,17.51457528
1239,12.67273628
1240,15.49260758
1241,11.87118217
1242,17.05072805
1243,16.58917878
1244,16.37622272
1245,14.70012389
1246,12.43217004
1247,13.31119285
1248,15.92822603
1249,14.24636731
1250,15.60917312
1251,14.59562734
1252,14.68884198
1253,14.26531064
1254,15.99308737
1255,17.07898564
1256,16.85952923
1257,17.51149031
1258,16.5311523
1259,16.91504299
1260,15.64196628
1261,16.55248255
1262,15.98692536
1263,14.95170938
1264,15.09011761
1265,14.17566552
1266,13.32762154
1267,14.70078454
1268,17.89554115
1269,17.20031663
1270,14.26446502
1271,17.24993822
1272,14.75773294
1273,14.79605131
1274,14.05954188
1275,16.13233843
1276,16.96891639
1277,15.73808812
1278,13.5996331
1279,14.40846355
1280,14.65898954
1281,13.34623055
1282,16.36705023
1283,12.77420602
1284,14.70208226
1285,14.46109049
1286,15.68061576
1287,13.61628575
1288,14.02680122
1289,13.45301134
1290,13.10866332
1291,16.14414718
1292,17.14118747
1293,17.43813877
1294,14.62877208
1295,15.88249429
1296,17.47974842
1297,18.12397663
1298,18.41401113
1299,14.2660486
1300,14.42101389
1301,14.89397066
1302,15.15821578
1303,16.3488391
1304,12.8779867
1305,11.60354333
1306,15.26462106
1307,15.69154632
1308,14.14168918
1309,14.9572851
1310,16.45011821
1311,18.21819186
1312,16.23246573
1313,13.98772852
1314,16.44284963
1315,12.52422165
1316,11.46139911
1317,14.47973428
1318,12.28066361
1319,14.10326721
1320,12.65112282
1321,15.59533759
1322,13.98806385
1323,13.76986701
1324,14.64496014
1325,15.06155187
1326,19.75760566
1327,19.72245781
1328,16.0517297
1329,15.26499953
1330,16.43430795
1331,16.0232742
1332,15.29840531
1333,14.89115911
1334,14.41239102
1335,14.77273265
1336,20.71267888
1337,15.44829065
1338,14.71499964
1339,13.75041381
1340,17.02884783
1341,19.90688753
1342,18.98141281
1343,18.93931833
1344,20.35701302
1345,18.01664517
1346,12.36688838
1347,13.20330328
1348,14.19993757
1349,15.29163241
1350,15.87508455
1351,15.05317055
1352,14.58064247
1353,15.14809163
1354,16.47900261
1355,15.9465174
1356,13.1247799
1357,16.41218522
1358,16.91291013
1359,18.44617802
1360,19.76360188
1361,19.01989487
1362,19.70142156
1363,16.03186364
1364,19.07739364
1365,13.61940918
1366,18.50359967
1367,19.20392647
1368,19.48241663
1369,22.95134346
1370,17.61965301
1371,16.69401778
1372,17.78416699
1373,15.57583905
1374,18.06274133
1375,15.82328304
1376,20.9960593
1377,19.90017541
1378,15.72401412
1379,13.25680758
1380,10.85777013
1381,16.03255352
1382,18.4333903
1383,16.31609106
1384,21.40485396
1385,15.20232308
1386,17.06201626
1387,14.33291222
1388,14.33817752
1389,13.77002458
1390,16.00658762
1391,14.20223995
1392,12.22471119
1393,14.21981717
1394,13.12525636
1395,14.51546425
1396,13.1326711
1397,16.41021507
1398,15.41208419
1399,14.24602694
1400,10.76445112
1401,14.03955354
1402,16.96394489
1403,15.90949597
1404,18.46707936
1405,18.52276857
1406,19.0642185
1407,17.21368775
1408,15.49440912
1409,15.80154359
1410,15.84058187
1411,15.70029816
1412,15.25204493
1413,16.9828131
1414,14.03885888
1415,15.65760214
1416,19.10052875
1417,16.13415179
1418,17.01130619
1419,16.72242455
1420,18.79788413
1421,23.64455595
1422,21.10539975
1423,13.11761754
1424,11.92173788
1425,16.20034262
1426,16.68440874
1427,16.42266187
1428,11.78427643
1429,13.27836171
1430,14.33921979
1431,18.81770005
1432,19.80252054
1433,19.63334477
1434,19.4115228
1435,17.5972436
1436,17.35715582
1437,16.91778937
1438,17.84964477
1439,16.99624124
1440,15.85586176
1441,16.67185856
1442,18.67682921
1443,18.20302839
1444,15.29954067
1445,15.85952628
1446,14.81574937
1447,16.10334428
1448,15.24128922
1449,17.07836847
1450,15.86148175
1451,16.92891052
1452,14.59827797
1453,15.57622949
1454,15.69196513
1455,19.20344143
1456,17.62185631
1457,15.23416278
1458,15.75909709
1459,14.86096479
1460,16.4740273
1461,18.16805394
1462,16.23648552
1463,14.25903518
1464,14.25768052
1465,14.23313267
1466,12.03686115
1467,12.7682521
1468,14.80563635
1469,18.13391172
1470,16.44479708
1471,12.05593921
1472,13.60010524
1473,17.60569968
1474,15.37756013
1475,14.8831195
1476,12.71731873
1477,16.99642689
1478,15.03978032
1479,18.30332044
1480,17.14832926
1481,18.95217962
1482,18.59902657
1483,17.37797615
1484,12.00297847
1485,13.1274433
1486,15.8419413
1487,15.11369243
1488,13.30736331
1489,15.21181469
1490,19.87461485
1491,17.28071026
1492,18.21053738
1493,17.56221843
1494,18.2165367
1495,17.75829244
1496,16.86352617
1497,15.29106993
1498,15.36519271
1499,14.8969674
1500,16.26815986
1501,15.16460325
1502,17.52804609
1503,17.10909034
1504,14.47057033
1505,15.29802298
1506,16.13726011
1507,16.19195863
1508,14.82573565
1509,17.66326487
1510,18.13986882
1511,17.97259164
1512,19.08464638
1513,18.10795701
1514,16.67445912
1515,14.15499305
1516,16.28528975
1517,14.79357988
1518,16.00515152
1519,16.17578373
1520,16.15299799
1521,16.4006884
1522,17.64315378
1523,16.77574758
1524,13.72552773
1525,13.70684832
1526,14.31361046
1527,16.36995571
1528,17.96527629
1529,15.70414272
1530,12.83226834
1531,16.26488027
1532,19.18454431
1533,12.21305876
1534,15.21228192
1535,14.51997311
1536,14.49496818
1537,16.59409038
1538,13.59945645
1539,14.53819042
1540,16.8844818
1541,13.43546795
1542,14.96399458
1543,17.98533085
1544,16.11283015
1545,18.94665179
1546,17.70044039
1547,15.62099911
1548,15.74922986
1549,15.41809142
1550,14.45150336
1551,15.05201299
1552,11.79999757
1553,12.94878888
1554,13.62757748
1555,15.44134534
1556,13.40740741
1557,13.05546985
1558,14.41831917
1559,14.74171961
1560,15.46000257
1561,17.47469219
1562,16.31453428
1563,16.72573614
1564,17.14461772
1565,16.44486971
1566,16.27310632
1567,18.30612192
1568,14.40186771
1569,16.23457592
1570,18.97792347
1571,18.43397552
1572,16.34128349
1573,15.26969626
1574,11.87013428
1575,11.93790259
1576,12.70899731
1577,14.50689029
1578,15.76430024
1579,17.06659983
1580,17.24002971
1581,17.41381278
1582,19.98287789
1583,18.32164874
1584,12.99203602
1585,12.8861794
1586,14.02629237
1587,13.92934199
1588,13.7230001
1589,13.66838556
1590,16.00195115
1591,14.65422128
1592,14.16902705
1593,13.90771796
1594,15.77477076
1595,16.02904269
1596,16.32357221
1597,12.38442385
1598,12.82834688
1599,16.14383927
1600,13.65551918
1601,11.87228507
1602,11.80208614
1603,12.16296858
1604,12.22127544
1605,12.08382483
1606,12.17146313
1607,12.28192917
1608,14.06315766
1609,13.91943073
1610,12.4332198
1611,15.89845355
1612,16.91417488
1613,12.50794645
1614,16.72003917
1615,14.81030093
1616,15.57332608
1617,19.15691246
1618,17.88747842
1619,16.42446354
1620,17.66549076
1621,17.08755344
1622,17.56429115
1623,17.1748129
1624,20.21324062
1625,19.77107326
1626,17.78313355
1627,15.79010339
1628,16.8665683
1629,15.41390257
1630,16.13235306
1631,17.66072028
1632,14.24826399
1633,15.18605449
1634,14.55904153
1635,13.56799651
1636,13.48663
1637,16.20893493
1638,15.92737384
1639,17.46448186
1640,18.38049601
1641,17.03935561
1642,14.35986074
1643,13.66453688
1644,16.65220278
1645,15.19647677
1646,13.15697415
1647,16.29576483
1648,16.13792416
1649,16.67352576
1650,13.50807529
1651,12.38836684
1652,14.30172792
1653,16.17608977
1654,14.97413418
1655,15.25671489
1656,17.56825166
1657,17.73231321
1658,17.16017784
1659,14.0424566
1660,16.50202095
1661,17.55747632
1662,14.25973397
1663,16.41186896
1664,13.6452256
1665,14.42460999
1666,15.39638514
1667,13.58943615
1668,14.47692538
1669,15.04655059
1670,13.894852
1671,13.2760019
1672,16.51965419
1673,17.32191897
1674,15.66829892
1675,14.166116
1676,14.50090773
1677,16.36400165
1678,19.52334759
1679,14.38493434
1680,14.68545011
1681,15.68115316
1682,13.37754737
1683,12.59583928
1684,14.70332861
1685,15.20753096
1686,19.08781954
1687,18.2329717
1688,17.32324043
1689,15.13754469
1690,14.88838609
1691,14.79102645
1692,16.82727044
1693,16.07399249
1694,16.53043003
1695,14.20995227
1696,13.59869732
1697,12.99801808
1698,15.42178635
1699,15.10531143
1700,14.47581083
1701,14.27527483
1702,13.67422015
1703,14.11382724
1704,15.00166412
1705,15.95043491
1706,16.62029195
1707,16.62056963
1708,19.45007352
1709,16.49932033
1710,16.0973967
1711,14.68689261
1712,15.14851785
1713,15.64887342
1714,19.6669699
1715,19.53178057
1716,15.97317453
1717,17.05696466
1718,17.63533668
1719,14.81983747
1720,13.86187533
1721,14.13923079
1722,15.86518394
1723,16.25913121
1724,13.75687141
1725,11.62930113
1726,13.38720139
1727,16.22451031
1728,17.59553612
1729,16.06764324
1730,14.74865533
1731,14.82842632
1732,16.66495482
1733,18.39362591
1734,21.45453967
1735,17.90315106
1736,14.78429074
1737,13.64306365
1738,12.76898961
1739,13.31760782
1740,17.61544346
1741,17.08253094
1742,14.1263859
1743,15.69317993
1744,16.14976441
1745,15.4697114
1746,15.97405399
1747,15.28223491
1748,13.28144552
1749,13.31639111
1750,17.01308981
1751,14.87541351
1752,17.12283117
1753,17.51790778
1754,16.3170123
1755,15.80786799
1756,18.73594284
1757,17.6727444
1758,13.9247773
1759,15.33439444
1760,13.73804184
1761,16.64623984
1762,17.49450654
1763,17.89453375
1764,14.52374852
1765,13.41492027
1766,16.64479578
1767,15.35286365
1768,14.63461902
1769,14.31396757
1770,15.17342832
1771,16.30422662
1772,14.39675428
1773,15.76757626
1774,12.98348497
1775,16.5632427
1776,16.09298993
1777,14.18628337
1778,11.98923593
1779,14.33714546
1780,14.82487551
1781,15.37067157
1782,14.69357508
1783,16.23590269
1784,13.06333533
1785,16.17606875
1786,17.08481257
1787,17.18297521
1788,19.01839283
1789,15.59574454
1790,15.40915881
1791,14.8042482
1792,16.78187793
1793,17.51463989
1794,19.07181298
1795,16.81911711
1796,14.69220796
1797,16.6983321
1798,18.25085546
1799,18.11651112
1800,17.27440512
1801,14.5005506
1802,16.36443035
1803,16.61460228
1804,17.3057442
1805,16.47623752
1806,15.16563062
1807,17.40473354
1808,15.72815787
1809,15.27575108
1810,14.93681226
1811,15.63223655
1812,13.3550446
1813,11.73365101
1814,13.719384
1815,13.59216317
1816,15.12428735
1817,16.21499955
1818,16.85119603
1819,14.43481914
1820,14.98885864
1821,16.50995598
1822,13.26863951
1823,13.25219425
1824,14.26876464
1825,12.97755656
1826,13.06431221
1827,14.67145936
1828,14.59996966
1829,17.17148987
1830,14.84613101
1831,14.84427236
1832,13.67879828
1833,14.49236411
1834,15.36458883
1835,17.48439494
1836,15.77304818
1837,15.50373041
1838,17.58228763
1839,20.02925347
1840,19.3925019
1841,14.26360932
1842,15.20114665
1843,15.85669344
1844,13.69599331
1845,14.27369832
1846,15.79069885
1847,15.25708614
1848,17.47616721
1849,15.52395395
1850,16.43183967
1851,17.06080021
1852,16.48414772
1853,14.71096184
1854,14.13295605
1855,15.6156255
1856,16.1968939
1857,14.87420735
1858,13.17353109
1859,14.34696666
1860,13.61128304
1861,14.65376552
1862,16.55582935
1863,16.73078923
1864,15.02714545
1865,14.13305237
1866,16.95484697
1867,16.86025573
1868,17.48108253
1869,16.37922475
1870,14.80934287
1871,17.26907094
1872,13.26074665
1873,12.73684144
1874,12.24259879
1875,14.59294297
1876,15.5328181
1877,16.0080993
1878,15.16256594
1879,15.11432042
1880,15.59268385
1881,16.04487059
1882,15.29137589
1883,14.49347739
1884,16.23481241
1885,14.17684744
1886,11.47072136
1887,16.85978783
1888,17.70594069
1889,15.94621992
1890,16.52074936
1891,17.2125743
1892,17.66979403
1893,15.4424978
1894,10.60118239
1895,10.90377142
1896,14.99877873
1897,13.74006245
1898,15.3569948
1899,14.34295647
1900,15.14029586
1901,14.39660278
1902,17.6892669
1903,13.96863709
1904,15.09551957
1905,14.82352304
1906,11.92307916
1907,16.34160905
1908,16.66465046
1909,18.05863668
1910,13.64225281
1911,13.3122812
1912,11.75567961
1913,12.15503218
1914,17.26552862
1915,17.67655633
1916,15.4015991
1917,16.19078808
1918,15.29612912
1919,19.40993272
1920,15.72017915
1921,15.78730108
1922,15.95448627
1923,13.72684381
1924,16.48902943
1925,14.04991365
1926,16.01067155
1927,14.83519389
1928,16.58917056
1929,16.69309044
1930,17.18962743
1931,15.79383454
1932,14.9599246
1933,15.37820706
1934,18.12434612
1935,15.609049
1936,16.42190344
1937,13.29282101
1938,12.02215731
1939,12.15127279
1940,13.50320837
1941,15.45602983
1942,16.28674934
1943,15.00201851
1944,16.58974835
1945,15.02529938
1946,14.64962958
1947,14.85924305
1948,14.99074617
1949,15.8746503
1950,15.13816825
1951,16.66304359
1952,14.47635016
1953,16.10359595
1954,16.18485838
1955,16.21050878
1956,13.81571526
1957,14.26747372
1958,15.89508846
1959,16.65289828
1960,14.21544898
1961,18.21479734
1962,15.69715957
1963,16.77629794
1964,14.2961876
1965,14.21212116
1966,15.99983518
1967,16.67486887
1968,16.82270265
1969,18.75638413
1970,16.82605421
1971,16.0241627
1972,16.27342253
1973,13.18857184
1974,13.52825147
1975,17.57804568
1976,16.21594148
1977,15.27399605
1978,16.71732706
1979,15.01995558
1980,14.20091103
1981,16.08683539
1982,13.90195188
1983,12.96694569
1984,17.51892691
1985,15.12655064
1986,12.73345124
1987,13.0436564
1988,16.46303672
1989,15.62315422
1990,19.09744369
1991,19.07207868
1992,16.97408335
1993,14.61808584
1994,13.14384749
1995,12.34207589
1996,15.59986279
1997,17.90906339
1998,14.12750677
1999,13.04461392
2000,14.89699896
2001,16.93109202
2002,14.76702935
2003,16.56139617
2004,17.66765633
2005,17.33180335
2006,17.43994798
2007,17.45057646
2008,16.7215527
2009,20.14368458
2010,19.67942253
2011,15.9216852
2012,15.89564052
2013,16.30426444
2014,15.87102898
2015,14.27416378
2016,14.3436164
2017,14.00213698
2018,14.80721261
2019,17.02208295
2020,14.87962247
2021,16.66719021
2022,15.50565473
2023,15.36192569
2024,13.95300402
2025,14.25529822
2026,15.94582668
2027,17.18320718
2028,16.54049406
2029,16.08156772
2030,18.60258674
2031,18.24000076
2032,15.18373064
2033,17.00922651
2034,14.34818143
2035,17.13132905
2036,14.86609207
2037,15.48287478
2038,12.32038257
2039,14.4942006
2040,20.28591874
2041,18.84442573
2042,18.82424294
2043,14.79110933
2044,11.41327629
2045,15.05352191
2046,15.14237458
2047,16.96040036
2048,16.2164519
2049,15.49708886
2050,14.05968393
2051,14.21032399
2052,14.42253388
2053,16.96431893
2054,19.08041533
2055,18.93657935
2056,14.73383901
2057,12.14190124
2058,17.47861512
2059,15.50796011
2060,14.56972376
2061,15.31799505
2062,16.24470865
2063,15.22117671
2064,14.90685149
2065,14.76530136
2066,14.71726394
2067,15.01197393
2068,14.30472619
2069,15.96584362
2070,14.4738796
2071,16.25943187
2072,14.58395664
2073,12.65284443
2074,12.82668008
2075,14.79092366
2076,13.2075761
2077,16.26882894
2078,17.97646818
2079,17.58417704
2080,14.46823821
2081,13.70107121
2082,15.92993262
2083,14.40609105
2084,14.87004725
2085,17.40127843
2086,16.83703759
2087,18.27290664
2088,18.40808602
2089,16.79524757
2090,16.05812825
2091,15.99544137
2092,13.53469741
2093,16.71728783
2094,17.33502666
2095,16.91006974
2096,14.72947741
2097,11.88145859
2098,14.94393676
2099,13.4900838
2100,16.02039292
2101,16.01819096
2102,15.849314
2103,15.42517298
2104,16.95917611
2105,14.88460347
2106,18.10770576
2107,16.10144167
2108,14.99770382
2109,13.63839548
2110,15.13537489
2111,16.622698
2112,16.84244221
2113,23.7521331
2114,19.88486596
2115,15.72898003
2116,16.28224261
2117,18.31572468
2118,17.56637196
2119,16.00030172
2120,19.29407704
2121,17.33968615
2122,20.57213775
2123,15.3700922
2124,13.86521659
2125,18.46656083
2126,16.31397327
2127,14.84166632
2128,14.79679558
2129,14.13224469
2130,13.91429816
2131,17.1599273
2132,16.75952517
2133,20.33913365
2134,14.86385293
2135,16.71091043
2136,21.07919002
2137,15.35469913
2138,14.09509254
2139,16.60849719
2140,14.12483487
2141,15.40493492
2142,16.37615818
2143,14.90890578
2144,15.29107427
2145,17.09841507
2146,17.41555453
2147,17.8778743
2148,15.37528666
2149,14.45767964
2150,16.90392917
2151,16.32190729
2152,17.99969236
2153,15.42701158
2154,15.84506677
2155,15.04450612
2156,15.80806001
2157,13.31232997
2158,13.99918974
2159,15.62824929
2160,17.22887085
2161,16.95365983
2162,15.65205812
2163,14.65975123
2164,14.53202484
2165,12.66097445
2166,12.31565479
2167,17.07027665
2168,16.5894898
2169,16.82352105
2170,18.72350384
2171,15.41375192
2172,13.76193859
2173,13.36007651
2174,13.63733207
2175,16.02986689
2176,16.4274404
2177,15.88053101
2178,17.71498712
2179,15.01880933
2180,22.53776484
2181,22.92644996
2182,19.78256533
2183,14.16235634
2184,15.35989213
2185,16.16054401
2186,14.51425735
2187,15.23365077
2188,13.28528783
2189,13.45977813
2190,13.51721201
2191,13.30737374
2192,14.80453364
2193,13.32647768
2194,15.41094144
2195,16.34749933
2196,17.32052052
2197,16.68137763
2198,17.11145778
2199,14.32559265
2200,16.36478778
2201,13.15393826
2202,17.18474038
2203,15.87555735
2204,14.07322453
2205,14.15922884
2206,16.2337568
2207,15.22870727
2208,17.10341079
2209,15.57008248
2210,18.63161483
2211,19.03404298
2212,19.75739862
2213,19.33906285
2214,19.61557088
2215,18.67683682
2216,16.01351018
2217,17.07151026
2218,14.92653085
2219,17.9441709
2220,19.28579738
2221,15.96992616
2222,15.74762127
2223,16.64209455
2224,17.91735091
2225,14.800023
2226,15.64738276
2227,17.42877351
2228,16.3519222
2229,14.33021529
2230,14.909681
2231,15.56640443
2232,16.78367642
2233,17.59802086
2234,15.88494962
2235,15.53293224
2236,16.83342187
2237,13.81380307
2238,15.39735659
2239,15.55905396
2240,15.62053608
2241,16.24602123
2242,15.40441119
2243,15.32071379
2244,12.51461271
2245,15.31217162
2246,15.50670633
2247,11.36520565
2248,11.6586843
2249,13.46401561
2250,19.01081251
2251,17.26126727
2252,17.15877579
2253,15.10554952
2254,16.3931849
2255,13.55947932
2256,13.56980731
2257,15.28884496
2258,14.17031979
2259,17.91457948
2260,15.31603627
2261,14.19447159
2262,13.84496669
2263,15.81092083
2264,15.88768369
2265,17.04915679
2266,13.00695406
2267,13.21371584
2268,15.24826116
2269,14.88586242
2270,16.39580162
2271,18.29379741
2272,16.41114427
2273,17.02038173
2274,15.27313358
2275,17.28268503
2276,18.11230004
2277,13.99541523
2278,13.66649885
2279,13.53990373
2280,14.9608753
2281,18.04616184
2282,15.42509006
2283,16.75557555
2284,15.86804946
2285,17.7385772
2286,15.68265956
2287,14.49917594
2288,14.80266249
2289,16.23159275
2290,14.71696427
2291,15.44069568
2292,14.90685336
2293,12.47621617
2294,15.42910588
2295,15.8557647
2296,14.88729162
2297,13.48896139
2298,15.9075561
2299,18.18355418
2300,16.43115784
2301,15.10365725
2302,14.1390887
2303,18.80550006
2304,16.79005714
2305,15.90003358
2306,13.65326674
2307,11.0292299
2308,15.30776799
2309,15.22185119
2310,17.79685153
2311,15.53830944
2312,15.06770525
2313,15.46795642
2314,13.93385494
2315,14.70323728
2316,14.61816463
2317,13.13196551
2318,14.80104709
2319,15.8254842
2320,13.98916747
2321,14.0022295
2322,15.20797749
2323,14.73596416
2324,16.64495043
2325,17.49580121
2326,16.27166676
2327,16.63014135
2328,17.00021577
2329,15.88755367
2330,14.4766182
2331,16.27989359
2332,12.35958622
2333,15.88645175
2334,15.269144
2335,14.93371053
2336,14.5656187
2337,17.29758207
2338,14.64083222
2339,15.92716848
2340,15.37658868
2341,16.83597398
2342,19.33780031
2343,16.68090307
2344,16.28772811
2345,16.81277214
2346,13.89783533
2347,15.83023797
2348,16.27093806
2349,17.16113674
2350,20.12127332
2351,18.28411058
2352,19.11130189
2353,16.16233192
2354,16.19312199
2355,13.13054005
2356,15.1014573
2357,16.47984247
2358,18.36204299
2359,15.04266867
2360,13.35340723
2361,14.69705688
2362,16.26523163
2363,15.8237259
2364,15.73333015
2365,15.89814543
2366,14.97847755
2367,16.8131448
2368,18.24868982
2369,13.59626711
2370,14.79559421
2371,13.90232631
2372,13.76717426
2373,12.26809949
2374,13.53757218
2375,15.07323723
2376,15.37848754
2377,16.05448196
2378,15.16387988
2379,14.78949248
2380,16.11004312
2381,13.99707857
2382,12.75100259
2383,15.44472654
2384,16.21013092
2385,16.60955008
2386,11.60138405
2387,14.7462366
2388,16.25257885
2389,15.03933976
2390,12.6337539
2391,14.98708535
2392,13.68186786
2393,17.05675645
2394,15.90606888
2395,19.12773494
2396,16.94905696
2397,16.44887061
2398,17.6905709
2399,13.15625895
2400,14.30323854
2401,15.67363437
2402,14.81552049
2403,15.15434216
2404,14.1786234
2405,14.76670613
2406,17.29041413
2407,15.85454427
2408,15.7551789
2409,16.34569219
2410,15.18261952
2411,13.14427199
2412,16.45131566
2413,15.69990491
2414,13.4572239
2415,14.10207029
2416,14.9000206
2417,15.84425524
2418,16.35024969
2419,17.75959391
2420,17.49011841
2421,17.80372598
2422,22.11761944
2423,19.66551536
2424,18.3220464
2425,19.27247036
2426,15.54279565
2427,16.6532321
2428,16.32190859
2429,15.67786381
2430,17.87630406
2431,16.68226349
2432,15.90874997
2433,13.50465898
2434,16.06488786
2435,14.70880254
2436,15.86236512
2437,15.95645985
2438,16.27705997
2439,11.14379601
2440,12.10174636
2441,14.55580938
2442,13.59753689
2443,13.72654572
2444,17.4347589
2445,17.67759731
2446,15.92589178
2447,15.14381356
2448,17.8897324
